# source, target, weight
0,1,1
0,2,1
0,3,1
1,17,1
1,21,1
2,240,1
2,23,1
3,536,1
3,18,1
4,5,1
4,6,1
4,7,1
5,9,1
5,93,1
6,243,1
6,95,1
7,532,1
7,10,1
8,9,1
8,10,1
8,11,1
9,53,1
10,246,1
11,526,1
11,54,1
12,13,1
12,14,1
12,15,1
13,25,1
13,33,1
14,249,1
14,27,1
15,520,1
15,34,1
16,17,1
16,18,1
16,19,1
17,77,1
18,252,1
19,516,1
19,78,1
20,21,1
20,22,1
20,23,1
21,81,1
22,255,1
22,83,1
23,538,1
24,25,1
24,26,1
24,27,1
25,109,1
26,258,1
26,111,1
27,534,1
28,29,1
28,30,1
28,31,1
29,85,1
29,97,1
30,261,1
30,99,1
31,518,1
31,86,1
32,33,1
32,34,1
32,35,1
33,173,1
34,264,1
35,472,1
35,174,1
36,37,1
36,38,1
36,39,1
37,121,1
37,185,1
38,267,1
38,187,1
39,508,1
39,122,1
40,41,1
40,42,1
40,43,1
41,117,1
41,125,1
42,270,1
42,119,1
43,530,1
43,126,1
44,45,1
44,46,1
44,47,1
45,121,1
45,161,1
46,273,1
46,123,1
47,476,1
47,162,1
48,49,1
48,50,1
48,51,1
49,129,1
49,197,1
50,276,1
50,131,1
51,462,1
51,198,1
52,53,1
52,54,1
52,55,1
53,65,1
54,279,1
55,502,1
55,66,1
56,57,1
56,58,1
56,59,1
57,89,1
57,169,1
58,282,1
58,91,1
59,492,1
59,170,1
60,61,1
60,62,1
60,63,1
61,113,1
61,153,1
62,285,1
62,155,1
63,500,1
63,114,1
64,65,1
64,66,1
64,67,1
65,93,1
66,288,1
67,494,1
67,94,1
68,69,1
68,70,1
68,71,1
69,113,1
69,177,1
70,291,1
70,115,1
71,480,1
71,178,1
72,73,1
72,74,1
72,75,1
73,89,1
73,221,1
74,294,1
74,223,1
75,478,1
75,90,1
76,77,1
76,78,1
76,79,1
77,81,1
78,297,1
79,514,1
79,82,1
80,81,1
80,82,1
80,83,1
82,300,1
83,528,1
84,85,1
84,86,1
84,87,1
85,157,1
86,303,1
87,444,1
87,158,1
88,89,1
88,90,1
88,91,1
90,306,1
91,488,1
92,93,1
92,94,1
92,95,1
94,309,1
95,522,1
96,97,1
96,98,1
96,99,1
97,141,1
98,312,1
98,143,1
99,524,1
100,101,1
100,102,1
100,103,1
101,129,1
101,209,1
102,315,1
102,211,1
103,490,1
103,130,1
104,105,1
104,106,1
104,107,1
105,181,1
105,201,1
106,318,1
106,183,1
107,436,1
107,202,1
108,109,1
108,110,1
108,111,1
109,173,1
110,321,1
110,175,1
111,486,1
112,113,1
112,114,1
112,115,1
114,324,1
115,442,1
116,117,1
116,118,1
116,119,1
117,137,1
118,327,1
118,139,1
119,456,1
120,121,1
120,122,1
120,123,1
122,330,1
123,454,1
124,125,1
124,126,1
124,127,1
125,145,1
126,333,1
127,504,1
127,146,1
128,129,1
128,130,1
128,131,1
130,336,1
131,498,1
132,133,1
132,134,1
132,135,1
133,181,1
133,229,1
134,339,1
134,231,1
135,474,1
135,182,1
136,137,1
136,138,1
136,139,1
137,145,1
138,342,1
138,147,1
139,464,1
140,141,1
140,142,1
140,143,1
141,157,1
142,345,1
142,159,1
143,470,1
144,145,1
144,146,1
144,147,1
146,348,1
147,448,1
148,149,1
148,150,1
148,151,1
149,165,1
149,205,1
150,351,1
150,207,1
151,452,1
151,166,1
152,153,1
152,154,1
152,155,1
153,177,1
154,354,1
154,179,1
155,512,1
156,157,1
156,158,1
156,159,1
158,357,1
159,484,1
160,161,1
160,162,1
160,163,1
161,185,1
162,360,1
163,450,1
163,186,1
164,165,1
164,166,1
164,167,1
165,213,1
166,363,1
167,446,1
167,214,1
168,169,1
168,170,1
168,171,1
169,221,1
170,366,1
171,482,1
171,222,1
172,173,1
172,174,1
172,175,1
174,369,1
175,510,1
176,177,1
176,178,1
176,179,1
178,372,1
179,438,1
180,181,1
180,182,1
180,183,1
182,375,1
183,506,1
184,185,1
184,186,1
184,187,1
186,378,1
187,496,1
188,189,1
188,190,1
188,191,1
189,193,1
189,217,1
190,381,1
190,219,1
191,458,1
191,194,1
192,193,1
192,194,1
192,195,1
193,233,1
194,384,1
195,428,1
195,234,1
196,197,1
196,198,1
196,199,1
197,209,1
198,387,1
199,434,1
199,210,1
200,201,1
200,202,1
200,203,1
201,229,1
202,390,1
203,426,1
203,230,1
204,205,1
204,206,1
204,207,1
205,225,1
206,393,1
206,227,1
207,466,1
208,209,1
208,210,1
208,211,1
210,396,1
211,468,1
212,213,1
212,214,1
212,215,1
213,225,1
214,399,1
215,424,1
215,226,1
216,217,1
216,218,1
216,219,1
217,237,1
218,402,1
218,239,1
219,460,1
220,221,1
220,222,1
220,223,1
222,405,1
223,440,1
224,225,1
224,226,1
224,227,1
226,408,1
227,422,1
228,229,1
228,230,1
228,231,1
230,411,1
231,432,1
232,233,1
232,234,1
232,235,1
233,237,1
234,414,1
235,420,1
235,238,1
236,237,1
236,238,1
236,239,1
238,417,1
239,430,1
240,241,1
240,242,1
241,540,1
241,539,1
242,536,1
242,1260,1
243,244,1
243,245,1
244,543,1
244,523,1
245,532,1
245,1261,1
246,247,1
246,248,1
247,546,1
247,533,1
248,526,1
248,1262,1
249,250,1
249,251,1
250,549,1
250,535,1
251,520,1
251,1263,1
252,253,1
252,254,1
253,552,1
253,537,1
254,516,1
254,1264,1
255,256,1
255,257,1
256,555,1
256,529,1
257,538,1
257,1265,1
258,259,1
258,260,1
259,558,1
259,487,1
260,534,1
260,1266,1
261,262,1
261,263,1
262,561,1
262,525,1
263,518,1
263,1267,1
264,265,1
264,266,1
265,564,1
265,521,1
266,472,1
266,1268,1
267,268,1
267,269,1
268,567,1
268,497,1
269,508,1
269,1269,1
270,271,1
270,272,1
271,570,1
271,457,1
272,530,1
272,1270,1
273,274,1
273,275,1
274,573,1
274,455,1
275,476,1
275,1271,1
276,277,1
276,278,1
277,576,1
277,499,1
278,462,1
278,1272,1
279,280,1
279,281,1
280,579,1
280,527,1
281,502,1
281,1273,1
282,283,1
282,284,1
283,582,1
283,489,1
284,492,1
284,1274,1
285,286,1
285,287,1
286,585,1
286,513,1
287,500,1
287,1275,1
288,289,1
288,290,1
289,588,1
289,503,1
290,494,1
290,1276,1
291,292,1
291,293,1
292,591,1
292,443,1
293,480,1
293,1277,1
294,295,1
294,296,1
295,594,1
295,441,1
296,478,1
296,1278,1
297,298,1
297,299,1
298,597,1
298,517,1
299,514,1
299,1279,1
300,301,1
300,302,1
301,600,1
301,515,1
302,528,1
302,1280,1
303,304,1
303,305,1
304,603,1
304,519,1
305,444,1
305,1281,1
306,307,1
306,308,1
307,606,1
307,479,1
308,488,1
308,1282,1
309,310,1
309,311,1
310,609,1
310,495,1
311,522,1
311,1283,1
312,313,1
312,314,1
313,612,1
313,471,1
314,524,1
314,1284,1
315,316,1
315,317,1
316,615,1
316,469,1
317,490,1
317,1285,1
318,319,1
318,320,1
319,618,1
319,507,1
320,436,1
320,1286,1
321,322,1
321,323,1
322,621,1
322,511,1
323,486,1
323,1287,1
324,325,1
324,326,1
325,624,1
325,501,1
326,442,1
326,1288,1
327,328,1
327,329,1
328,627,1
328,465,1
329,456,1
329,1289,1
330,331,1
330,332,1
331,630,1
331,509,1
332,454,1
332,1290,1
333,334,1
333,335,1
334,633,1
334,531,1
335,504,1
335,1291,1
336,337,1
336,338,1
337,636,1
337,491,1
338,498,1
338,1292,1
339,340,1
339,341,1
340,639,1
340,433,1
341,474,1
341,1293,1
342,343,1
342,344,1
343,642,1
343,449,1
344,464,1
344,1294,1
345,346,1
345,347,1
346,645,1
346,485,1
347,470,1
347,1295,1
348,349,1
348,350,1
349,648,1
349,505,1
350,448,1
350,1296,1
351,352,1
351,353,1
352,651,1
352,467,1
353,452,1
353,1297,1
354,355,1
354,356,1
355,654,1
355,439,1
356,512,1
356,1298,1
357,358,1
357,359,1
358,657,1
358,445,1
359,484,1
359,1299,1
360,361,1
360,362,1
361,660,1
361,477,1
362,450,1
362,1300,1
363,364,1
363,365,1
364,663,1
364,453,1
365,446,1
365,1301,1
366,367,1
366,368,1
367,666,1
367,493,1
368,482,1
368,1302,1
369,370,1
369,371,1
370,669,1
370,473,1
371,510,1
371,1303,1
372,373,1
372,374,1
373,672,1
373,481,1
374,438,1
374,1304,1
375,376,1
375,377,1
376,675,1
376,475,1
377,506,1
377,1305,1
378,379,1
378,380,1
379,678,1
379,451,1
380,496,1
380,1306,1
381,382,1
381,383,1
382,681,1
382,461,1
383,458,1
383,1307,1
384,385,1
384,386,1
385,684,1
385,459,1
386,428,1
386,1308,1
387,388,1
387,389,1
388,687,1
388,463,1
389,434,1
389,1309,1
390,391,1
390,392,1
391,690,1
391,437,1
392,426,1
392,1310,1
393,394,1
393,395,1
394,693,1
394,423,1
395,466,1
395,1311,1
396,397,1
396,398,1
397,696,1
397,435,1
398,468,1
398,1312,1
399,400,1
399,401,1
400,699,1
400,447,1
401,424,1
401,1313,1
402,403,1
402,404,1
403,702,1
403,431,1
404,460,1
404,1314,1
405,406,1
405,407,1
406,705,1
406,483,1
407,440,1
407,1315,1
408,409,1
408,410,1
409,708,1
409,425,1
410,422,1
410,1316,1
411,412,1
411,413,1
412,711,1
412,427,1
413,432,1
413,1317,1
414,415,1
414,416,1
415,714,1
415,429,1
416,420,1
416,1318,1
417,418,1
417,419,1
418,717,1
418,421,1
419,430,1
419,1319,1
420,421,1
421,720,1
422,423,1
423,723,1
424,425,1
425,726,1
426,427,1
427,729,1
428,429,1
429,732,1
430,431,1
431,735,1
432,433,1
433,738,1
434,435,1
435,741,1
436,437,1
437,744,1
438,439,1
439,747,1
440,441,1
441,750,1
442,443,1
443,753,1
444,445,1
445,756,1
446,447,1
447,759,1
448,449,1
449,762,1
450,451,1
451,765,1
452,453,1
453,768,1
454,455,1
455,771,1
456,457,1
457,774,1
458,459,1
459,777,1
460,461,1
461,780,1
462,463,1
463,783,1
464,465,1
465,786,1
466,467,1
467,789,1
468,469,1
469,792,1
470,471,1
471,795,1
472,473,1
473,798,1
474,475,1
475,801,1
476,477,1
477,804,1
478,479,1
479,807,1
480,481,1
481,810,1
482,483,1
483,813,1
484,485,1
485,816,1
486,487,1
487,819,1
488,489,1
489,822,1
490,491,1
491,825,1
492,493,1
493,828,1
494,495,1
495,831,1
496,497,1
497,834,1
498,499,1
499,837,1
500,501,1
501,840,1
502,503,1
503,843,1
504,505,1
505,846,1
506,507,1
507,849,1
508,509,1
509,852,1
510,511,1
511,855,1
512,513,1
513,858,1
514,515,1
515,861,1
516,517,1
517,864,1
518,519,1
519,867,1
520,521,1
521,870,1
522,523,1
523,873,1
524,525,1
525,876,1
526,527,1
527,879,1
528,529,1
529,882,1
530,531,1
531,885,1
532,533,1
533,888,1
534,535,1
535,891,1
536,537,1
537,894,1
538,539,1
539,897,1
540,541,1
540,542,1
541,900,1
541,898,1
542,1260,1
542,1320,1
543,544,1
543,545,1
544,903,1
544,874,1
545,1261,1
545,1322,1
546,547,1
546,548,1
547,906,1
547,889,1
548,1262,1
548,1324,1
549,550,1
549,551,1
550,909,1
550,892,1
551,1263,1
551,1326,1
552,553,1
552,554,1
553,912,1
553,895,1
554,1264,1
554,1328,1
555,556,1
555,557,1
556,915,1
556,883,1
557,1265,1
557,1330,1
558,559,1
558,560,1
559,918,1
559,820,1
560,1266,1
560,1332,1
561,562,1
561,563,1
562,921,1
562,877,1
563,1267,1
563,1334,1
564,565,1
564,566,1
565,924,1
565,871,1
566,1268,1
566,1336,1
567,568,1
567,569,1
568,927,1
568,835,1
569,1269,1
569,1338,1
570,571,1
570,572,1
571,930,1
571,775,1
572,1270,1
572,1340,1
573,574,1
573,575,1
574,933,1
574,772,1
575,1271,1
575,1342,1
576,577,1
576,578,1
577,936,1
577,838,1
578,1272,1
578,1344,1
579,580,1
579,581,1
580,939,1
580,880,1
581,1273,1
581,1346,1
582,583,1
582,584,1
583,942,1
583,823,1
584,1274,1
584,1348,1
585,586,1
585,587,1
586,945,1
586,859,1
587,1275,1
587,1350,1
588,589,1
588,590,1
589,948,1
589,844,1
590,1276,1
590,1352,1
591,592,1
591,593,1
592,951,1
592,754,1
593,1277,1
593,1354,1
594,595,1
594,596,1
595,954,1
595,751,1
596,1278,1
596,1356,1
597,598,1
597,599,1
598,957,1
598,865,1
599,1279,1
599,1358,1
600,601,1
600,602,1
601,960,1
601,862,1
602,1280,1
602,1360,1
603,604,1
603,605,1
604,963,1
604,868,1
605,1281,1
605,1362,1
606,607,1
606,608,1
607,966,1
607,808,1
608,1282,1
608,1364,1
609,610,1
609,611,1
610,969,1
610,832,1
611,1283,1
611,1366,1
612,613,1
612,614,1
613,972,1
613,796,1
614,1284,1
614,1368,1
615,616,1
615,617,1
616,975,1
616,793,1
617,1285,1
617,1370,1
618,619,1
618,620,1
619,978,1
619,850,1
620,1286,1
620,1372,1
621,622,1
621,623,1
622,981,1
622,856,1
623,1287,1
623,1374,1
624,625,1
624,626,1
625,984,1
625,841,1
626,1288,1
626,1376,1
627,628,1
627,629,1
628,987,1
628,787,1
629,1289,1
629,1378,1
630,631,1
630,632,1
631,990,1
631,853,1
632,1290,1
632,1380,1
633,634,1
633,635,1
634,993,1
634,886,1
635,1291,1
635,1382,1
636,637,1
636,638,1
637,996,1
637,826,1
638,1292,1
638,1384,1
639,640,1
639,641,1
640,999,1
640,739,1
641,1293,1
641,1386,1
642,643,1
642,644,1
643,1002,1
643,763,1
644,1294,1
644,1388,1
645,646,1
645,647,1
646,1005,1
646,817,1
647,1295,1
647,1390,1
648,649,1
648,650,1
649,1008,1
649,847,1
650,1296,1
650,1392,1
651,652,1
651,653,1
652,1011,1
652,790,1
653,1297,1
653,1394,1
654,655,1
654,656,1
655,1014,1
655,748,1
656,1298,1
656,1396,1
657,658,1
657,659,1
658,1017,1
658,757,1
659,1299,1
659,1398,1
660,661,1
660,662,1
661,1020,1
661,805,1
662,1300,1
662,1400,1
663,664,1
663,665,1
664,1023,1
664,769,1
665,1301,1
665,1402,1
666,667,1
666,668,1
667,1026,1
667,829,1
668,1302,1
668,1404,1
669,670,1
669,671,1
670,1029,1
670,799,1
671,1303,1
671,1406,1
672,673,1
672,674,1
673,1032,1
673,811,1
674,1304,1
674,1408,1
675,676,1
675,677,1
676,1035,1
676,802,1
677,1305,1
677,1410,1
678,679,1
678,680,1
679,1038,1
679,766,1
680,1306,1
680,1412,1
681,682,1
681,683,1
682,1041,1
682,781,1
683,1307,1
683,1414,1
684,685,1
684,686,1
685,1044,1
685,778,1
686,1308,1
686,1416,1
687,688,1
687,689,1
688,1047,1
688,784,1
689,1309,1
689,1418,1
690,691,1
690,692,1
691,1050,1
691,745,1
692,1310,1
692,1420,1
693,694,1
693,695,1
694,1053,1
694,724,1
695,1311,1
695,1422,1
696,697,1
696,698,1
697,1056,1
697,742,1
698,1312,1
698,1424,1
699,700,1
699,701,1
700,1059,1
700,760,1
701,1313,1
701,1426,1
702,703,1
702,704,1
703,1062,1
703,736,1
704,1314,1
704,1428,1
705,706,1
705,707,1
706,1065,1
706,814,1
707,1315,1
707,1430,1
708,709,1
708,710,1
709,1068,1
709,727,1
710,1316,1
710,1432,1
711,712,1
711,713,1
712,1071,1
712,730,1
713,1317,1
713,1434,1
714,715,1
714,716,1
715,1074,1
715,733,1
716,1318,1
716,1436,1
717,718,1
717,719,1
718,1077,1
718,721,1
719,1319,1
719,1438,1
720,721,1
720,722,1
721,1080,1
722,1318,1
722,1440,1
723,724,1
723,725,1
724,1083,1
725,1316,1
725,1441,1
726,727,1
726,728,1
727,1086,1
728,1313,1
728,1442,1
729,730,1
729,731,1
730,1089,1
731,1310,1
731,1443,1
732,733,1
732,734,1
733,1092,1
734,1308,1
734,1444,1
735,736,1
735,737,1
736,1095,1
737,1319,1
737,1445,1
738,739,1
738,740,1
739,1098,1
740,1317,1
740,1446,1
741,742,1
741,743,1
742,1101,1
743,1309,1
743,1447,1
744,745,1
744,746,1
745,1104,1
746,1286,1
746,1448,1
747,748,1
747,749,1
748,1107,1
749,1304,1
749,1449,1
750,751,1
750,752,1
751,1110,1
752,1315,1
752,1450,1
753,754,1
753,755,1
754,1113,1
755,1288,1
755,1451,1
756,757,1
756,758,1
757,1116,1
758,1281,1
758,1452,1
759,760,1
759,761,1
760,1119,1
761,1301,1
761,1453,1
762,763,1
762,764,1
763,1122,1
764,1296,1
764,1454,1
765,766,1
765,767,1
766,1125,1
767,1300,1
767,1455,1
768,769,1
768,770,1
769,1128,1
770,1297,1
770,1456,1
771,772,1
771,773,1
772,1131,1
773,1290,1
773,1457,1
774,775,1
774,776,1
775,1134,1
776,1289,1
776,1458,1
777,778,1
777,779,1
778,1137,1
779,1307,1
779,1459,1
780,781,1
780,782,1
781,1140,1
782,1314,1
782,1460,1
783,784,1
783,785,1
784,1143,1
785,1272,1
785,1461,1
786,787,1
786,788,1
787,1146,1
788,1294,1
788,1462,1
789,790,1
789,791,1
790,1149,1
791,1311,1
791,1463,1
792,793,1
792,794,1
793,1152,1
794,1312,1
794,1464,1
795,796,1
795,797,1
796,1155,1
797,1295,1
797,1465,1
798,799,1
798,800,1
799,1158,1
800,1268,1
800,1466,1
801,802,1
801,803,1
802,1161,1
803,1293,1
803,1467,1
804,805,1
804,806,1
805,1164,1
806,1271,1
806,1468,1
807,808,1
807,809,1
808,1167,1
809,1278,1
809,1469,1
810,811,1
810,812,1
811,1170,1
812,1277,1
812,1470,1
813,814,1
813,815,1
814,1173,1
815,1302,1
815,1471,1
816,817,1
816,818,1
817,1176,1
818,1299,1
818,1472,1
819,820,1
819,821,1
820,1179,1
821,1287,1
821,1473,1
822,823,1
822,824,1
823,1182,1
824,1282,1
824,1474,1
825,826,1
825,827,1
826,1185,1
827,1285,1
827,1475,1
828,829,1
828,830,1
829,1188,1
830,1274,1
830,1476,1
831,832,1
831,833,1
832,1191,1
833,1276,1
833,1477,1
834,835,1
834,836,1
835,1194,1
836,1306,1
836,1478,1
837,838,1
837,839,1
838,1197,1
839,1292,1
839,1479,1
840,841,1
840,842,1
841,1200,1
842,1275,1
842,1480,1
843,844,1
843,845,1
844,1203,1
845,1273,1
845,1481,1
846,847,1
846,848,1
847,1206,1
848,1291,1
848,1482,1
849,850,1
849,851,1
850,1209,1
851,1305,1
851,1483,1
852,853,1
852,854,1
853,1212,1
854,1269,1
854,1484,1
855,856,1
855,857,1
856,1215,1
857,1303,1
857,1485,1
858,859,1
858,860,1
859,1218,1
860,1298,1
860,1486,1
861,862,1
861,863,1
862,1221,1
863,1279,1
863,1487,1
864,865,1
864,866,1
865,1224,1
866,1264,1
866,1488,1
867,868,1
867,869,1
868,1227,1
869,1267,1
869,1489,1
870,871,1
870,872,1
871,1230,1
872,1263,1
872,1490,1
873,874,1
873,875,1
874,1233,1
875,1283,1
875,1491,1
876,877,1
876,878,1
877,1236,1
878,1284,1
878,1492,1
879,880,1
879,881,1
880,1239,1
881,1262,1
881,1493,1
882,883,1
882,884,1
883,1242,1
884,1280,1
884,1494,1
885,886,1
885,887,1
886,1245,1
887,1270,1
887,1495,1
888,889,1
888,890,1
889,1248,1
890,1261,1
890,1496,1
891,892,1
891,893,1
892,1251,1
893,1266,1
893,1497,1
894,895,1
894,896,1
895,1254,1
896,1260,1
896,1498,1
897,898,1
897,899,1
898,1257,1
899,1265,1
899,1499,1
900,901,1
900,902,1
901,1249,1
901,1258,1
902,1320,1
902,1250,1
903,904,1
903,905,1
904,1234,1
904,1255,1
905,1322,1
905,1256,1
906,907,1
906,908,1
907,1249,1
907,1252,1
908,1324,1
908,1253,1
909,910,1
909,911,1
910,1252,1
910,1258,1
911,1326,1
911,1259,1
912,913,1
912,914,1
913,1237,1
913,1255,1
914,1328,1
914,1238,1
915,916,1
915,917,1
916,1231,1
916,1243,1
917,1330,1
917,1232,1
918,919,1
918,920,1
919,1180,1
919,1240,1
920,1332,1
920,1241,1
921,922,1
921,923,1
922,1234,1
922,1237,1
923,1334,1
923,1235,1
924,925,1
924,926,1
925,1183,1
925,1231,1
926,1336,1
926,1184,1
927,928,1
927,929,1
928,1195,1
928,1204,1
929,1338,1
929,1205,1
930,931,1
930,932,1
931,1135,1
931,1192,1
932,1340,1
932,1193,1
933,934,1
933,935,1
934,1132,1
934,1186,1
935,1342,1
935,1187,1
936,937,1
936,938,1
937,1168,1
937,1198,1
938,1344,1
938,1169,1
939,940,1
939,941,1
940,1213,1
940,1240,1
941,1346,1
941,1214,1
942,943,1
942,944,1
943,1183,1
943,1243,1
944,1348,1
944,1244,1
945,946,1
945,947,1
946,1219,1
946,1222,1
947,1350,1
947,1223,1
948,949,1
948,950,1
949,1204,1
949,1246,1
950,1352,1
950,1247,1
951,952,1
951,953,1
952,1114,1
952,1162,1
953,1354,1
953,1163,1
954,955,1
954,956,1
955,1111,1
955,1144,1
956,1356,1
956,1145,1
957,958,1
957,959,1
958,1201,1
958,1225,1
959,1358,1
959,1202,1
960,961,1
960,962,1
961,1189,1
961,1222,1
962,1360,1
962,1190,1
963,964,1
963,965,1
964,1135,1
964,1228,1
965,1362,1
965,1136,1
966,967,1
966,968,1
967,1159,1
967,1168,1
968,1364,1
968,1160,1
969,970,1
969,971,1
970,1192,1
970,1228,1
971,1366,1
971,1229,1
972,973,1
972,974,1
973,1156,1
973,1225,1
974,1368,1
974,1226,1
975,976,1
975,977,1
976,1153,1
976,1165,1
977,1370,1
977,1166,1
978,979,1
978,980,1
979,1147,1
979,1210,1
980,1372,1
980,1148,1
981,982,1
981,983,1
982,1132,1
982,1216,1
983,1374,1
983,1133,1
984,985,1
984,986,1
985,1156,1
985,1201,1
986,1376,1
986,1157,1
987,988,1
987,989,1
988,1117,1
988,1147,1
989,1378,1
989,1118,1
990,991,1
990,992,1
991,1180,1
991,1213,1
992,1380,1
992,1181,1
993,994,1
993,995,1
994,1195,1
994,1246,1
995,1382,1
995,1196,1
996,997,1
996,998,1
997,1186,1
997,1216,1
998,1384,1
998,1217,1
999,1000,1
999,1001,1
1000,1099,1
1000,1171,1
1001,1386,1
1001,1172,1
1002,1003,1
1002,1004,1
1003,1105,1
1003,1123,1
1004,1388,1
1004,1106,1
1005,1006,1
1005,1007,1
1006,1114,1
1006,1177,1
1007,1390,1
1007,1115,1
1008,1009,1
1008,1010,1
1009,1141,1
1009,1207,1
1010,1392,1
1010,1142,1
1011,1012,1
1011,1013,1
1012,1111,1
1012,1150,1
1013,1394,1
1013,1112,1
1014,1015,1
1014,1016,1
1015,1108,1
1015,1174,1
1016,1396,1
1016,1175,1
1017,1018,1
1017,1019,1
1018,1117,1
1018,1210,1
1019,1398,1
1019,1211,1
1020,1021,1
1020,1022,1
1021,1138,1
1021,1165,1
1022,1400,1
1022,1139,1
1023,1024,1
1023,1025,1
1024,1108,1
1024,1129,1
1025,1402,1
1025,1109,1
1026,1027,1
1026,1028,1
1027,1189,1
1027,1219,1
1028,1404,1
1028,1220,1
1029,1030,1
1029,1031,1
1030,1159,1
1030,1198,1
1031,1406,1
1031,1199,1
1032,1033,1
1032,1034,1
1033,1120,1
1033,1171,1
1034,1408,1
1034,1121,1
1035,1036,1
1035,1037,1
1036,1162,1
1036,1177,1
1037,1410,1
1037,1178,1
1038,1039,1
1038,1040,1
1039,1126,1
1039,1207,1
1040,1412,1
1040,1208,1
1041,1042,1
1041,1043,1
1042,1126,1
1042,1141,1
1043,1414,1
1043,1127,1
1044,1045,1
1044,1046,1
1045,1138,1
1045,1153,1
1046,1416,1
1046,1154,1
1047,1048,1
1047,1049,1
1048,1144,1
1048,1150,1
1049,1418,1
1049,1151,1
1050,1051,1
1050,1052,1
1051,1096,1
1051,1105,1
1052,1420,1
1052,1097,1
1053,1054,1
1053,1055,1
1054,1084,1
1054,1102,1
1055,1422,1
1055,1103,1
1056,1057,1
1056,1058,1
1057,1093,1
1057,1102,1
1058,1424,1
1058,1094,1
1059,1060,1
1059,1061,1
1060,1099,1
1060,1120,1
1061,1426,1
1061,1100,1
1062,1063,1
1062,1064,1
1063,1096,1
1063,1123,1
1064,1428,1
1064,1124,1
1065,1066,1
1065,1067,1
1066,1129,1
1066,1174,1
1067,1430,1
1067,1130,1
1068,1069,1
1068,1070,1
1069,1081,1
1069,1087,1
1070,1432,1
1070,1082,1
1071,1072,1
1071,1073,1
1072,1087,1
1072,1090,1
1073,1434,1
1073,1088,1
1074,1075,1
1074,1076,1
1075,1084,1
1075,1093,1
1076,1436,1
1076,1085,1
1077,1078,1
1077,1079,1
1078,1081,1
1078,1090,1
1079,1438,1
1079,1091,1
1080,1081,1
1080,1082,1
1082,1440,1
1083,1084,1
1083,1085,1
1085,1441,1
1086,1087,1
1086,1088,1
1088,1442,1
1089,1090,1
1089,1091,1
1091,1443,1
1092,1093,1
1092,1094,1
1094,1444,1
1095,1096,1
1095,1097,1
1097,1445,1
1098,1099,1
1098,1100,1
1100,1446,1
1101,1102,1
1101,1103,1
1103,1447,1
1104,1105,1
1104,1106,1
1106,1448,1
1107,1108,1
1107,1109,1
1109,1449,1
1110,1111,1
1110,1112,1
1112,1450,1
1113,1114,1
1113,1115,1
1115,1451,1
1116,1117,1
1116,1118,1
1118,1452,1
1119,1120,1
1119,1121,1
1121,1453,1
1122,1123,1
1122,1124,1
1124,1454,1
1125,1126,1
1125,1127,1
1127,1455,1
1128,1129,1
1128,1130,1
1130,1456,1
1131,1132,1
1131,1133,1
1133,1457,1
1134,1135,1
1134,1136,1
1136,1458,1
1137,1138,1
1137,1139,1
1139,1459,1
1140,1141,1
1140,1142,1
1142,1460,1
1143,1144,1
1143,1145,1
1145,1461,1
1146,1147,1
1146,1148,1
1148,1462,1
1149,1150,1
1149,1151,1
1151,1463,1
1152,1153,1
1152,1154,1
1154,1464,1
1155,1156,1
1155,1157,1
1157,1465,1
1158,1159,1
1158,1160,1
1160,1466,1
1161,1162,1
1161,1163,1
1163,1467,1
1164,1165,1
1164,1166,1
1166,1468,1
1167,1168,1
1167,1169,1
1169,1469,1
1170,1171,1
1170,1172,1
1172,1470,1
1173,1174,1
1173,1175,1
1175,1471,1
1176,1177,1
1176,1178,1
1178,1472,1
1179,1180,1
1179,1181,1
1181,1473,1
1182,1183,1
1182,1184,1
1184,1474,1
1185,1186,1
1185,1187,1
1187,1475,1
1188,1189,1
1188,1190,1
1190,1476,1
1191,1192,1
1191,1193,1
1193,1477,1
1194,1195,1
1194,1196,1
1196,1478,1
1197,1198,1
1197,1199,1
1199,1479,1
1200,1201,1
1200,1202,1
1202,1480,1
1203,1204,1
1203,1205,1
1205,1481,1
1206,1207,1
1206,1208,1
1208,1482,1
1209,1210,1
1209,1211,1
1211,1483,1
1212,1213,1
1212,1214,1
1214,1484,1
1215,1216,1
1215,1217,1
1217,1485,1
1218,1219,1
1218,1220,1
1220,1486,1
1221,1222,1
1221,1223,1
1223,1487,1
1224,1225,1
1224,1226,1
1226,1488,1
1227,1228,1
1227,1229,1
1229,1489,1
1230,1231,1
1230,1232,1
1232,1490,1
1233,1234,1
1233,1235,1
1235,1491,1
1236,1237,1
1236,1238,1
1238,1492,1
1239,1240,1
1239,1241,1
1241,1493,1
1242,1243,1
1242,1244,1
1244,1494,1
1245,1246,1
1245,1247,1
1247,1495,1
1248,1249,1
1248,1250,1
1250,1496,1
1251,1252,1
1251,1253,1
1253,1497,1
1254,1255,1
1254,1256,1
1256,1498,1
1257,1258,1
1257,1259,1
1259,1499,1
1320,1321,1
1321,1498,1
1321,1323,1
1322,1323,1
1323,1496,1
1324,1325,1
1325,1493,1
1325,1333,1
1326,1327,1
1327,1490,1
1327,1331,1
1328,1329,1
1329,1488,1
1329,1369,1
1330,1331,1
1331,1499,1
1332,1333,1
1333,1497,1
1334,1335,1
1335,1489,1
1335,1367,1
1336,1337,1
1337,1466,1
1337,1365,1
1338,1339,1
1339,1484,1
1339,1347,1
1340,1341,1
1341,1495,1
1341,1353,1
1342,1343,1
1343,1468,1
1343,1371,1
1344,1345,1
1345,1461,1
1345,1357,1
1346,1347,1
1347,1481,1
1348,1349,1
1349,1476,1
1349,1361,1
1350,1351,1
1351,1480,1
1351,1359,1
1352,1353,1
1353,1477,1
1354,1355,1
1355,1470,1
1355,1387,1
1356,1357,1
1357,1469,1
1358,1359,1
1359,1487,1
1360,1361,1
1361,1494,1
1362,1363,1
1363,1452,1
1363,1379,1
1364,1365,1
1365,1474,1
1366,1367,1
1367,1491,1
1368,1369,1
1369,1492,1
1370,1371,1
1371,1475,1
1372,1373,1
1373,1448,1
1373,1389,1
1374,1375,1
1375,1473,1
1375,1381,1
1376,1377,1
1377,1451,1
1377,1391,1
1378,1379,1
1379,1458,1
1380,1381,1
1381,1457,1
1382,1383,1
1383,1482,1
1383,1413,1
1384,1385,1
1385,1479,1
1385,1407,1
1386,1387,1
1387,1467,1
1388,1389,1
1389,1462,1
1390,1391,1
1391,1465,1
1392,1393,1
1393,1454,1
1393,1429,1
1394,1395,1
1395,1456,1
1395,1431,1
1396,1397,1
1397,1486,1
1397,1405,1
1398,1399,1
1399,1472,1
1399,1411,1
1400,1401,1
1401,1455,1
1401,1415,1
1402,1403,1
1403,1453,1
1403,1409,1
1404,1405,1
1405,1471,1
1406,1407,1
1407,1485,1
1408,1409,1
1409,1449,1
1410,1411,1
1411,1483,1
1412,1413,1
1413,1478,1
1414,1415,1
1415,1459,1
1416,1417,1
1417,1444,1
1417,1425,1
1418,1419,1
1419,1447,1
1419,1423,1
1420,1421,1
1421,1443,1
1421,1439,1
1422,1423,1
1423,1463,1
1424,1425,1
1425,1464,1
1426,1427,1
1427,1442,1
1427,1435,1
1428,1429,1
1429,1460,1
1430,1431,1
1431,1450,1
1432,1433,1
1433,1441,1
1433,1437,1
1434,1435,1
1435,1446,1
1436,1437,1
1437,1440,1
1438,1439,1
1439,1445,1
