# source, target
0,64
0,118
0,142
0,191
0,202
0,124
0,161
0,203
0,97
0,99
0,155
0,194
0,13
0,15
0,55
0,100
0,103
0,107
0,111
0,165
0,180
0,201
0,211
0,217
0,18
0,31
0,56
0,95
0,162
0,170
0,187
0,216
0,59
0,68
0,73
0,96
0,101
0,114
0,120
0,153
0,199
0,218
0,83
0,104
0,188
0,193
0,12
0,19
0,74
0,80
0,145
0,200
0,50
0,148
0,8
0,24
0,28
0,42
0,46
0,63
0,37
0,220
0,11
0,147
1,64
1,118
1,191
1,161
1,55
1,211
1,31
1,56
1,95
1,162
1,169
1,170
1,187
1,59
1,73
1,96
1,101
1,114
1,153
1,199
1,218
1,52
1,83
1,104
1,127
1,137
1,163
1,178
1,182
1,188
1,193
1,204
1,12
1,19
1,74
1,80
1,121
1,145
1,200
1,53
1,50
1,8
1,24
1,42
1,46
1,63
1,225
1,37
1,220
1,11
1,68
2,77
2,64
2,118
2,139
2,210
2,228
2,142
2,191
2,81
2,126
2,130
2,149
2,181
2,202
2,161
2,55
2,103
2,107
2,211
2,18
2,31
2,56
2,95
2,162
2,169
2,170
2,187
2,59
2,73
2,96
2,101
2,114
2,153
2,199
2,218
2,52
2,83
2,104
2,127
2,163
2,182
2,188
2,193
2,12
2,19
2,74
2,80
2,121
2,145
2,200
2,53
2,86
2,129
2,50
2,133
2,148
2,8
2,24
2,42
2,46
2,63
2,75
2,160
2,225
2,37
2,220
2,11
2,146
2,76
2,28
2,68
3,55
3,170
3,83
3,74
3,37
3,11
3,134
3,177
4,31
4,56
4,59
4,73
4,101
4,114
4,218
4,83
4,104
4,163
4,193
4,12
4,74
4,200
4,8
4,24
4,42
4,46
4,37
4,11
4,96
4,28
5,67
5,219
5,230
5,36
5,48
5,58
5,77
5,179
5,64
5,27
5,142
5,191
5,198
5,34
5,126
5,161
5,31
5,56
5,95
5,162
5,170
5,187
5,59
5,73
5,96
5,101
5,114
5,153
5,199
5,218
5,83
5,104
5,163
5,193
5,12
5,19
5,74
5,145
5,200
5,53
5,50
5,133
5,8
5,24
5,28
5,42
5,46
5,63
5,160
5,225
5,37
5,220
5,11
5,68
6,31
6,170
6,101
6,114
6,218
6,83
6,74
6,145
6,7
6,25
6,61
6,62
6,174
6,186
6,221
6,42
6,46
6,37
6,54
7,64
7,142
7,16
7,31
7,56
7,59
7,73
7,101
7,114
7,218
7,83
7,104
7,12
7,74
7,145
7,200
7,14
7,17
7,25
7,29
7,54
7,61
7,62
7,85
7,105
7,138
7,173
7,174
7,176
7,186
7,221
7,148
7,24
7,42
7,46
7,91
7,37
7,220
7,11
7,68
8,64
8,142
8,191
8,34
8,130
8,106
8,161
8,55
8,103
8,211
8,18
8,31
8,56
8,95
8,162
8,170
8,187
8,59
8,73
8,96
8,101
8,114
8,120
8,153
8,199
8,218
8,4
8,52
8,83
8,104
8,127
8,163
8,178
8,182
8,188
8,193
8,12
8,19
8,74
8,80
8,119
8,121
8,145
8,200
8,14
8,25
8,38
8,53
8,62
8,92
8,164
8,50
8,65
8,88
8,94
8,133
8,148
8,157
8,24
8,28
8,42
8,46
8,63
8,71
8,159
8,160
8,222
8,225
8,37
8,220
8,11
8,147
8,68
8,54
9,64
9,118
9,142
9,108
9,112
9,202
9,212
9,223
9,161
9,99
9,13
9,55
9,79
9,107
9,211
9,18
9,31
9,56
9,95
9,162
9,169
9,170
9,187
9,216
9,59
9,68
9,73
9,96
9,101
9,114
9,120
9,153
9,199
9,218
9,83
9,104
9,127
9,163
9,182
9,193
9,12
9,19
9,74
9,80
9,145
9,200
9,50
9,133
9,8
9,24
9,42
9,63
9,225
9,37
9,220
9,11
9,28
10,161
10,31
10,59
10,73
10,96
10,101
10,114
10,218
10,83
10,74
10,145
10,7
10,25
10,61
10,62
10,174
10,186
10,221
10,50
10,8
10,24
10,42
10,46
10,225
10,37
10,220
10,11
10,54
11,183
11,230
11,39
11,64
11,118
11,27
11,142
11,191
11,198
11,81
11,43
11,44
11,57
11,106
11,136
11,166
11,30
11,35
11,98
11,113
11,124
11,161
11,185
11,203
11,205
11,226
11,23
11,97
11,125
11,194
11,55
11,103
11,107
11,211
11,18
11,31
11,56
11,95
11,162
11,170
11,187
11,59
11,73
11,96
11,101
11,102
11,114
11,120
11,153
11,199
11,218
11,4
11,52
11,83
11,104
11,127
11,163
11,182
11,188
11,193
11,12
11,19
11,74
11,80
11,121
11,145
11,200
11,7
11,14
11,17
11,29
11,38
11,61
11,62
11,174
11,50
11,65
11,88
11,133
11,157
11,8
11,24
11,28
11,42
11,46
11,63
11,71
11,160
11,225
11,22
11,37
11,220
11,147
11,72
11,146
11,158
11,189
11,224
11,110
11,143
11,49
11,76
11,151
11,177
11,207
11,68
11,137
12,39
12,64
12,118
12,142
12,191
12,202
12,106
12,136
12,161
12,125
12,55
12,103
12,107
12,211
12,18
12,31
12,56
12,95
12,162
12,169
12,170
12,187
12,59
12,73
12,96
12,101
12,114
12,120
12,153
12,199
12,218
12,26
12,52
12,83
12,104
12,127
12,163
12,182
12,188
12,193
12,19
12,74
12,80
12,119
12,121
12,145
12,200
12,14
12,38
12,62
12,92
12,50
12,65
12,133
12,148
12,157
12,8
12,24
12,28
12,42
12,46
12,63
12,160
12,225
12,22
12,37
12,220
12,11
12,147
12,68
12,137
13,64
13,108
13,112
13,202
13,212
13,223
13,99
13,9
13,55
13,79
13,103
13,211
13,18
13,31
13,56
13,95
13,162
13,167
13,170
13,187
13,216
13,59
13,68
13,73
13,96
13,101
13,114
13,120
13,153
13,199
13,218
13,83
13,104
13,163
13,193
13,12
13,19
13,74
13,80
13,145
13,200
13,50
13,24
13,42
13,37
13,220
13,11
14,64
14,142
14,55
14,31
14,95
14,59
14,73
14,96
14,101
14,153
14,199
14,218
14,83
14,104
14,193
14,12
14,19
14,74
14,145
14,200
14,7
14,17
14,25
14,29
14,38
14,61
14,62
14,85
14,105
14,173
14,174
14,213
14,50
14,148
14,24
14,42
14,63
14,91
14,37
14,220
14,11
14,28
14,54
15,64
15,118
15,142
15,191
15,161
15,16
15,194
15,55
15,107
15,111
15,115
15,154
15,165
15,195
15,217
15,31
15,56
15,95
15,59
15,73
15,96
15,101
15,114
15,153
15,199
15,218
15,83
15,104
15,193
15,12
15,19
15,74
15,145
15,200
15,62
15,50
15,8
15,24
15,42
15,37
15,11
15,28
15,68
16,131
16,183
16,215
16,64
16,118
16,142
16,191
16,43
16,44
16,57
16,106
16,166
16,30
16,124
16,141
16,161
16,185
16,203
16,205
16,226
16,23
16,97
16,125
16,144
16,194
16,15
16,55
16,107
16,111
16,115
16,154
16,165
16,180
16,211
16,217
16,31
16,56
16,95
16,162
16,169
16,170
16,59
16,73
16,96
16,101
16,114
16,153
16,199
16,218
16,83
16,104
16,127
16,163
16,193
16,12
16,19
16,74
16,80
16,121
16,145
16,200
16,50
16,65
16,133
16,157
16,24
16,42
16,37
16,220
16,11
16,147
16,72
16,152
16,28
16,68
17,191
17,31
17,56
17,95
17,59
17,73
17,96
17,101
17,114
17,153
17,199
17,218
17,83
17,104
17,193
17,12
17,19
17,74
17,145
17,200
17,7
17,14
17,25
17,29
17,38
17,61
17,85
17,105
17,173
17,174
17,176
17,186
17,209
17,221
17,50
17,65
17,157
17,8
17,24
17,42
17,91
17,225
17,37
17,220
17,11
17,28
17,68
17,54
18,64
18,118
18,191
18,108
18,112
18,202
18,212
18,223
18,9
18,13
18,55
18,79
18,103
18,211
18,31
18,56
18,95
18,162
18,167
18,170
18,187
18,216
18,59
18,68
18,73
18,96
18,101
18,114
18,120
18,153
18,199
18,218
18,52
18,83
18,104
18,127
18,163
18,182
18,188
18,193
18,12
18,19
18,74
18,80
18,121
18,145
18,200
18,50
18,8
18,24
18,42
18,37
18,220
18,11
18,28
19,33
19,131
19,183
19,215
19,77
19,64
19,118
19,139
19,142
19,191
19,34
19,89
19,130
19,206
19,106
19,161
19,55
19,103
19,107
19,211
19,18
19,31
19,56
19,95
19,162
19,169
19,170
19,187
19,59
19,73
19,96
19,101
19,114
19,120
19,153
19,199
19,218
19,4
19,52
19,83
19,104
19,127
19,163
19,182
19,188
19,193
19,12
19,74
19,80
19,119
19,121
19,145
19,200
19,14
19,38
19,62
19,86
19,129
19,50
19,65
19,94
19,133
19,148
19,157
19,8
19,24
19,28
19,42
19,46
19,63
19,75
19,160
19,225
19,22
19,37
19,220
19,11
19,68
19,54
20,55
20,31
20,56
20,95
20,59
20,73
20,96
20,101
20,218
20,83
20,104
20,193
20,12
20,74
20,200
20,7
20,14
20,17
20,38
20,105
20,174
20,50
20,65
20,88
20,94
20,133
20,148
20,157
20,8
20,24
20,42
20,225
20,37
20,220
20,11
20,28
20,68
21,48
21,77
21,64
21,142
21,191
21,32
21,51
21,81
21,89
21,117
21,126
21,130
21,149
21,150
21,181
21,184
21,206
21,55
21,31
21,56
21,95
21,170
21,59
21,73
21,101
21,114
21,153
21,199
21,218
21,83
21,104
21,163
21,193
21,12
21,19
21,74
21,80
21,145
21,200
21,50
21,24
21,42
21,37
21,11
21,96
21,36
21,28
22,191
22,55
22,31
22,56
22,95
22,59
22,73
22,96
22,101
22,218
22,83
22,12
22,74
22,145
22,7
22,14
22,17
22,38
22,62
22,174
22,50
22,24
22,42
22,37
22,220
22,11
23,97
23,144
23,194
23,31
23,56
23,59
23,73
23,101
23,153
23,199
23,218
23,83
23,104
23,12
23,19
23,74
23,145
23,200
23,62
23,50
23,42
23,37
23,11
24,191
24,161
24,55
24,31
24,56
24,95
24,162
24,170
24,59
24,73
24,96
24,101
24,153
24,199
24,218
24,52
24,83
24,104
24,163
24,193
24,12
24,19
24,74
24,80
24,145
24,200
24,53
24,62
24,164
24,50
24,65
24,88
24,94
24,133
24,148
24,157
24,8
24,28
24,42
24,46
24,63
24,159
24,160
24,225
24,37
24,220
24,11
24,68
25,74
25,145
25,7
25,10
25,176
25,186
25,221
25,24
25,225
25,54
26,64
26,118
26,191
26,55
26,107
26,211
26,31
26,56
26,95
26,162
26,170
26,187
26,59
26,73
26,96
26,101
26,114
26,153
26,199
26,218
26,52
26,83
26,104
26,127
26,163
26,182
26,188
26,193
26,204
26,12
26,19
26,74
26,80
26,119
26,121
26,145
26,200
26,62
26,24
26,42
26,225
26,37
26,220
26,11
26,28
26,68
26,137
27,219
27,230
27,231
27,116
27,142
27,191
27,198
27,55
27,31
27,56
27,95
27,170
27,59
27,73
27,101
27,153
27,199
27,218
27,83
27,104
27,12
27,19
27,74
27,145
27,200
27,14
27,42
27,37
27,11
27,68
28,39
28,64
28,118
28,142
28,191
28,34
28,81
28,89
28,130
28,181
28,43
28,57
28,106
28,161
28,205
28,16
28,55
28,103
28,107
28,211
28,18
28,31
28,56
28,95
28,162
28,169
28,170
28,187
28,59
28,70
28,73
28,96
28,101
28,114
28,120
28,153
28,199
28,218
28,52
28,83
28,104
28,127
28,163
28,178
28,182
28,188
28,193
28,12
28,19
28,74
28,80
28,119
28,121
28,145
28,200
28,14
28,38
28,62
28,86
28,129
28,164
28,174
28,50
28,65
28,88
28,94
28,133
28,148
28,157
28,8
28,24
28,42
28,46
28,63
28,75
28,91
28,159
28,160
28,197
28,222
28,225
28,37
28,220
28,11
28,147
28,68
29,191
29,211
29,31
29,101
29,218
29,83
29,7
29,14
29,25
29,61
29,62
29,85
29,173
29,174
29,186
29,221
29,42
29,37
29,11
29,54
30,64
30,191
30,202
30,124
30,161
30,97
30,55
30,107
30,31
30,59
30,73
30,101
30,153
30,218
30,104
30,193
30,12
30,74
30,145
30,200
30,8
30,42
30,37
30,11
30,96
30,28
31,64
31,142
31,191
31,108
31,136
31,55
31,103
31,107
31,211
31,18
31,56
31,95
31,162
31,167
31,169
31,170
31,187
31,216
31,59
31,73
31,96
31,101
31,114
31,120
31,153
31,199
31,218
31,52
31,83
31,104
31,127
31,163
31,182
31,188
31,193
31,204
31,12
31,19
31,74
31,80
31,119
31,121
31,145
31,200
31,14
31,53
31,62
31,50
31,133
31,148
31,157
31,8
31,24
31,28
31,42
31,46
31,63
31,160
31,225
31,37
31,84
31,220
31,11
31,70
31,68
31,137
32,77
32,64
32,142
32,21
32,51
32,81
32,89
32,117
32,126
32,149
32,184
32,206
32,31
32,56
32,170
32,59
32,73
32,96
32,101
32,153
32,199
32,218
32,83
32,104
32,193
32,12
32,19
32,74
32,80
32,145
32,200
32,8
32,42
32,37
32,11
32,28
33,67
33,69
33,109
33,123
33,171
33,215
33,219
33,230
33,58
33,77
33,64
33,142
33,191
33,198
33,55
33,31
33,56
33,170
33,59
33,73
33,101
33,114
33,153
33,199
33,218
33,83
33,104
33,193
33,12
33,19
33,74
33,80
33,145
33,200
33,62
33,24
33,42
33,37
33,11
33,28
34,140
34,5
34,179
34,51
34,89
34,90
34,184
34,206
34,161
34,31
34,56
34,170
34,59
34,73
34,96
34,101
34,114
34,153
34,199
34,218
34,83
34,104
34,163
34,193
34,12
34,19
34,74
34,121
34,145
34,200
34,62
34,8
34,24
34,42
34,37
34,220
34,11
34,28
35,106
35,166
35,113
35,124
35,161
35,203
35,226
35,16
35,55
35,31
35,56
35,95
35,162
35,170
35,59
35,73
35,96
35,101
35,114
35,153
35,199
35,218
35,83
35,104
35,193
35,12
35,19
35,74
35,80
35,145
35,200
35,62
35,50
35,8
35,24
35,42
35,37
35,220
35,11
35,147
35,146
35,28
35,68
36,230
36,40
36,48
36,66
36,77
36,64
36,210
36,142
36,191
36,81
36,126
36,130
36,149
36,150
36,181
36,206
36,55
36,31
36,56
36,95
36,162
36,169
36,170
36,59
36,73
36,96
36,101
36,114
36,153
36,199
36,218
36,83
36,104
36,163
36,188
36,193
36,12
36,19
36,74
36,80
36,121
36,145
36,200
36,62
36,50
36,133
36,24
36,42
36,63
36,37
36,220
36,11
36,28
36,68
37,131
37,215
37,219
37,230
37,39
37,77
37,64
37,118
37,27
37,142
37,191
37,198
37,81
37,89
37,90
37,117
37,130
37,184
37,206
37,202
37,43
37,44
37,57
37,106
37,136
37,166
37,35
37,98
37,161
37,185
37,203
37,226
37,23
37,97
37,125
37,194
37,55
37,103
37,107
37,211
37,18
37,31
37,56
37,95
37,162
37,170
37,187
37,59
37,68
37,70
37,73
37,96
37,101
37,102
37,114
37,120
37,153
37,199
37,218
37,1
37,52
37,83
37,104
37,127
37,163
37,182
37,188
37,193
37,12
37,19
37,74
37,80
37,121
37,145
37,200
37,6
37,7
37,14
37,17
37,25
37,29
37,38
37,53
37,61
37,62
37,85
37,86
37,92
37,105
37,138
37,164
37,174
37,176
37,186
37,209
37,213
37,20
37,50
37,65
37,88
37,94
37,133
37,148
37,157
37,8
37,24
37,28
37,42
37,46
37,63
37,91
37,159
37,160
37,222
37,225
37,22
37,84
37,175
37,220
37,11
37,147
37,158
37,76
37,177
37,36
37,137
37,54
38,31
38,73
38,101
38,218
38,83
38,14
38,174
38,50
38,94
38,42
38,37
38,11
39,192
39,40
39,48
39,64
39,196
39,191
39,126
39,206
39,55
39,56
39,95
39,170
39,59
39,73
39,101
39,114
39,199
39,218
39,83
39,104
39,188
39,193
39,12
39,19
39,74
39,145
39,200
39,62
39,50
39,24
39,42
39,37
39,11
39,36
39,28
39,68
39,58
40,192
40,5
40,36
40,39
40,48
40,77
40,64
40,118
40,196
40,21
40,81
40,130
40,149
40,150
40,206
40,15
40,107
40,111
40,165
40,217
40,31
40,56
40,95
40,170
40,187
40,59
40,73
40,101
40,153
40,199
40,218
40,83
40,104
40,193
40,12
40,19
40,74
40,80
40,145
40,200
40,62
40,24
40,42
40,37
40,11
41,102
41,218
41,83
41,38
41,50
42,64
42,142
42,191
42,161
42,55
42,103
42,211
42,31
42,56
42,95
42,162
42,169
42,170
42,187
42,59
42,73
42,96
42,101
42,114
42,153
42,199
42,218
42,4
42,52
42,83
42,104
42,163
42,188
42,193
42,12
42,19
42,74
42,80
42,121
42,145
42,200
42,14
42,53
42,62
42,92
42,164
42,50
42,65
42,88
42,94
42,133
42,148
42,157
42,8
42,24
42,28
42,46
42,63
42,71
42,159
42,160
42,222
42,225
42,37
42,220
42,11
42,147
42,68
43,67
43,122
43,131
43,183
43,215
43,230
43,48
43,77
43,64
43,118
43,196
43,27
43,116
43,142
43,191
43,34
43,81
43,89
43,126
43,130
43,184
43,206
43,108
43,112
43,202
43,44
43,45
43,57
43,106
43,136
43,166
43,30
43,35
43,98
43,113
43,124
43,141
43,161
43,185
43,203
43,205
43,226
43,16
43,23
43,97
43,144
43,155
43,194
43,55
43,79
43,103
43,107
43,115
43,211
43,31
43,56
43,95
43,162
43,169
43,170
43,187
43,216
43,59
43,68
43,70
43,73
43,96
43,101
43,114
43,120
43,153
43,199
43,218
43,52
43,83
43,104
43,127
43,163
43,182
43,188
43,193
43,12
43,19
43,74
43,80
43,119
43,121
43,145
43,200
43,7
43,10
43,14
43,17
43,25
43,53
43,61
43,62
43,92
43,129
43,164
43,174
43,186
43,209
43,20
43,50
43,65
43,88
43,94
43,133
43,148
43,157
43,8
43,24
43,28
43,42
43,46
43,63
43,75
43,91
43,159
43,160
43,197
43,225
43,22
43,37
43,84
43,220
43,11
43,147
43,72
43,146
43,158
43,189
43,87
43,128
43,143
43,152
43,156
43,3
43,76
43,177
43,208
43,54
44,131
44,191
44,43
44,45
44,57
44,30
44,35
44,161
44,185
44,107
44,211
44,56
44,170
44,59
44,101
44,153
44,199
44,218
44,83
44,163
44,12
44,74
44,14
44,25
44,20
44,50
44,65
44,157
44,8
44,24
44,42
44,46
44,63
44,225
44,37
44,220
44,11
44,147
44,134
44,68
44,54
45,43
45,44
45,185
45,59
45,153
45,163
45,12
45,74
45,50
45,42
45,37
45,220
45,11
46,64
46,191
46,161
46,55
46,103
46,107
46,211
46,31
46,56
46,95
46,162
46,170
46,187
46,59
46,70
46,73
46,96
46,114
46,153
46,199
46,218
46,52
46,83
46,104
46,163
46,188
46,193
46,12
46,19
46,74
46,80
46,119
46,121
46,145
46,200
46,10
46,14
46,25
46,38
46,53
46,62
46,92
46,164
46,186
46,50
46,65
46,88
46,94
46,133
46,148
46,157
46,8
46,24
46,28
46,42
46,63
46,160
46,225
46,37
46,220
46,11
46,147
46,68
46,54
47,67
47,122
47,132
47,168
47,219
47,64
47,118
47,191
47,56
47,170
47,59
47,73
47,101
47,218
47,83
47,104
47,74
47,200
47,42
47,37
48,123
48,219
48,230
48,5
48,40
48,58
48,77
48,64
48,118
48,139
48,142
48,191
48,198
48,21
48,126
48,206
48,161
48,31
48,56
48,95
48,162
48,170
48,187
48,59
48,73
48,101
48,114
48,153
48,199
48,218
48,83
48,104
48,163
48,193
48,12
48,19
48,74
48,80
48,145
48,200
48,50
48,8
48,24
48,42
48,37
48,11
48,36
48,28
48,68
49,59
49,83
49,74
49,62
49,42
49,37
49,11
49,147
49,72
49,177
50,161
50,55
50,211
50,31
50,56
50,95
50,162
50,170
50,59
50,73
50,96
50,101
50,114
50,153
50,199
50,218
50,83
50,104
50,193
50,12
50,19
50,74
50,80
50,145
50,200
50,14
50,38
50,62
50,92
50,105
50,164
50,65
50,88
50,94
50,133
50,148
50,157
50,8
50,24
50,28
50,42
50,46
50,63
50,160
50,225
50,37
50,220
50,11
50,68
51,5
51,77
51,64
51,118
51,210
51,142
51,191
51,21
51,32
51,34
51,81
51,89
51,117
51,126
51,130
51,149
51,181
51,184
51,206
51,203
51,31
51,56
51,95
51,170
51,59
51,73
51,96
51,101
51,114
51,153
51,199
51,218
51,83
51,104
51,163
51,193
51,12
51,19
51,74
51,80
51,145
51,200
51,50
51,133
51,8
51,24
51,42
51,37
51,220
51,11
51,28
51,68
52,64
52,191
52,55
52,107
52,211
52,31
52,56
52,95
52,162
52,170
52,187
52,59
52,70
52,73
52,96
52,101
52,114
52,153
52,199
52,218
52,26
52,83
52,104
52,127
52,163
52,182
52,188
52,193
52,204
52,12
52,19
52,74
52,80
52,119
52,121
52,145
52,200
52,50
52,133
52,157
52,8
52,24
52,42
52,46
52,63
52,160
52,225
52,37
52,220
52,11
52,147
52,28
52,68
52,137
53,183
53,48
53,142
53,191
53,34
53,89
53,205
53,55
53,211
53,18
53,31
53,56
53,95
53,162
53,169
53,170
53,187
53,59
53,73
53,96
53,101
53,114
53,153
53,199
53,218
53,83
53,104
53,163
53,182
53,188
53,193
53,12
53,19
53,74
53,80
53,121
53,145
53,200
53,7
53,14
53,17
53,25
53,38
53,61
53,62
53,92
53,105
53,164
53,174
53,186
53,209
53,50
53,65
53,88
53,94
53,133
53,148
53,157
53,8
53,24
53,28
53,42
53,46
53,63
53,160
53,225
53,22
53,37
53,220
53,11
53,68
53,54
54,145
54,7
54,10
54,25
54,38
54,176
54,186
54,157
54,24
54,46
54,11
55,39
55,64
55,191
55,194
55,107
55,211
55,31
55,56
55,95
55,162
55,169
55,170
55,187
55,59
55,73
55,96
55,101
55,114
55,120
55,153
55,199
55,218
55,83
55,104
55,127
55,163
55,182
55,193
55,12
55,19
55,74
55,80
55,121
55,145
55,200
55,50
55,8
55,24
55,42
55,225
55,37
55,220
55,11
55,68
56,64
56,142
56,191
56,136
56,55
56,107
56,211
56,18
56,31
56,95
56,162
56,167
56,169
56,170
56,187
56,59
56,73
56,96
56,101
56,114
56,120
56,153
56,199
56,218
56,52
56,83
56,104
56,127
56,163
56,182
56,188
56,193
56,204
56,12
56,19
56,74
56,80
56,119
56,121
56,145
56,200
56,53
56,62
56,133
56,157
56,8
56,24
56,28
56,42
56,46
56,63
56,160
56,225
56,37
56,220
56,11
56,147
56,68
56,137
57,215
57,77
57,64
57,142
57,191
57,184
57,108
57,112
57,202
57,136
57,35
57,161
57,203
57,226
57,55
57,79
57,107
57,211
57,18
57,31
57,56
57,170
57,59
57,73
57,101
57,114
57,153
57,199
57,218
57,83
57,104
57,163
57,193
57,12
57,19
57,74
57,80
57,145
57,200
57,50
57,94
57,133
57,8
57,24
57,42
57,46
57,63
57,160
57,225
57,37
57,11
57,28
57,68
58,33
58,67
58,69
58,109
58,123
58,140
58,171
58,192
58,215
58,219
58,230
58,5
58,39
58,40
58,48
58,77
58,64
58,118
58,196
58,27
58,142
58,191
58,198
58,81
58,130
58,206
58,161
58,203
58,55
58,211
58,31
58,56
58,95
58,59
58,73
58,96
58,101
58,153
58,199
58,218
58,83
58,104
58,163
58,193
58,12
58,19
58,74
58,80
58,121
58,145
58,200
58,50
58,133
58,148
58,24
58,42
58,37
58,220
58,11
58,36
58,28
58,68
59,215
59,39
59,64
59,118
59,27
59,142
59,191
59,202
59,106
59,161
59,203
59,23
59,55
59,103
59,107
59,211
59,18
59,31
59,56
59,95
59,162
59,169
59,170
59,187
59,68
59,70
59,73
59,96
59,101
59,114
59,120
59,153
59,199
59,218
59,4
59,52
59,83
59,104
59,127
59,163
59,182
59,188
59,193
59,12
59,19
59,74
59,80
59,119
59,121
59,145
59,200
59,14
59,38
59,62
59,50
59,133
59,148
59,157
59,8
59,24
59,28
59,42
59,46
59,63
59,160
59,225
59,22
59,37
59,84
59,220
59,11
59,147
59,137
60,69
60,64
60,118
60,55
60,31
60,56
60,59
60,73
60,96
60,101
60,153
60,199
60,218
60,83
60,104
60,193
60,12
60,19
60,74
60,145
60,200
60,42
60,37
60,11
61,55
61,31
61,56
61,59
61,73
61,96
61,101
61,199
61,218
61,83
61,104
61,193
61,12
61,19
61,74
61,121
61,145
61,200
61,7
61,10
61,14
61,17
61,25
61,29
61,62
61,85
61,86
61,105
61,129
61,138
61,164
61,173
61,174
61,176
61,186
61,221
61,50
61,157
61,8
61,24
61,42
61,46
61,75
61,91
61,225
61,37
61,220
61,11
61,28
61,54
62,55
62,31
62,56
62,95
62,162
62,169
62,59
62,73
62,96
62,101
62,114
62,153
62,199
62,218
62,83
62,104
62,163
62,188
62,193
62,12
62,19
62,74
62,80
62,119
62,121
62,145
62,200
62,6
62,7
62,10
62,14
62,25
62,29
62,38
62,53
62,86
62,92
62,129
62,138
62,164
62,174
62,186
62,213
62,221
62,50
62,65
62,88
62,94
62,133
62,148
62,157
62,8
62,24
62,28
62,42
62,46
62,63
62,160
62,225
62,22
62,37
62,220
62,11
62,68
62,54
63,64
63,161
63,55
63,31
63,56
63,95
63,162
63,170
63,187
63,59
63,73
63,96
63,101
63,114
63,153
63,199
63,218
63,83
63,104
63,163
63,193
63,12
63,19
63,74
63,80
63,145
63,200
63,14
63,53
63,62
63,164
63,50
63,65
63,88
63,94
63,133
63,148
63,157
63,8
63,24
63,28
63,42
63,46
63,160
63,225
63,37
63,220
63,11
63,68
64,192
64,230
64,39
64,118
64,139
64,196
64,210
64,142
64,191
64,81
64,130
64,106
64,161
64,203
64,125
64,194
64,15
64,55
64,100
64,103
64,107
64,111
64,115
64,154
64,165
64,180
64,195
64,211
64,217
64,229
64,31
64,56
64,95
64,162
64,169
64,170
64,187
64,59
64,73
64,96
64,101
64,114
64,120
64,153
64,199
64,218
64,52
64,83
64,104
64,127
64,163
64,182
64,188
64,193
64,204
64,12
64,19
64,74
64,80
64,121
64,145
64,200
64,7
64,14
64,164
64,50
64,88
64,133
64,157
64,8
64,24
64,28
64,42
64,46
64,63
64,160
64,225
64,37
64,220
64,11
64,147
64,68
65,64
65,118
65,55
65,31
65,56
65,95
65,59
65,73
65,96
65,101
65,153
65,199
65,218
65,83
65,104
65,163
65,193
65,12
65,19
65,74
65,80
65,145
65,200
65,14
65,62
65,105
65,164
65,20
65,50
65,88
65,94
65,133
65,148
65,157
65,8
65,24
65,28
65,42
65,46
65,63
65,160
65,225
65,37
65,220
65,11
65,68
66,48
66,77
66,179
66,206
66,56
66,170
66,73
66,96
66,101
66,199
66,218
66,83
66,104
66,163
66,193
66,12
66,19
66,74
66,145
66,200
66,42
66,37
66,36
66,28
67,69
67,109
67,190
67,192
67,215
67,64
67,118
67,196
67,191
67,15
67,55
67,100
67,107
67,111
67,165
67,217
67,229
67,31
67,56
67,95
67,162
67,59
67,73
67,96
67,101
67,114
67,153
67,199
67,218
67,83
67,104
67,127
67,193
67,12
67,19
67,74
67,80
67,145
67,200
67,24
67,42
67,225
67,37
67,220
67,11
68,64
68,191
68,108
68,112
68,13
68,55
68,79
68,211
68,18
68,31
68,56
68,95
68,162
68,170
68,187
68,216
68,59
68,73
68,96
68,101
68,114
68,120
68,153
68,199
68,218
68,52
68,83
68,104
68,163
68,188
68,193
68,12
68,19
68,74
68,80
68,119
68,121
68,145
68,200
68,14
68,50
68,8
68,24
68,42
68,46
68,160
68,225
68,37
68,220
68,11
68,28
69,60
69,67
69,109
69,190
69,192
69,215
69,64
69,118
69,196
69,142
69,191
69,198
69,81
69,203
69,15
69,55
69,103
69,107
69,111
69,165
69,180
69,211
69,217
69,229
69,18
69,31
69,56
69,95
69,162
69,170
69,187
69,59
69,73
69,96
69,101
69,153
69,199
69,218
69,83
69,104
69,127
69,163
69,193
69,12
69,19
69,74
69,80
69,145
69,200
69,7
69,174
69,50
69,148
69,8
69,24
69,42
69,225
69,37
69,220
69,11
69,147
69,70
69,28
69,68
70,59
70,96
70,101
70,153
70,218
70,83
70,74
70,42
70,84
70,11
70,68
71,101
71,218
71,42
71,63
71,37
71,11
72,191
72,97
72,55
72,31
72,56
72,59
72,73
72,96
72,101
72,153
72,199
72,218
72,83
72,104
72,193
72,12
72,19
72,74
72,145
72,200
72,50
72,8
72,24
72,42
72,37
72,220
72,11
72,147
72,158
72,189
72,224
72,110
72,128
72,143
72,3
72,49
72,76
72,151
72,177
72,208
72,214
73,64
73,118
73,142
73,191
73,112
73,106
73,136
73,161
73,194
73,55
73,103
73,211
73,18
73,31
73,56
73,95
73,162
73,170
73,187
73,59
73,68
73,96
73,101
73,114
73,120
73,153
73,199
73,218
73,52
73,83
73,104
73,127
73,163
73,182
73,188
73,193
73,12
73,19
73,74
73,80
73,119
73,121
73,145
73,200
73,38
73,62
73,50
73,133
73,157
73,8
73,24
73,28
73,42
73,46
73,63
73,160
73,225
73,37
73,84
73,220
73,11
74,33
74,47
74,67
74,122
74,131
74,132
74,168
74,183
74,215
74,230
74,36
74,39
74,40
74,48
74,66
74,77
74,2
74,64
74,118
74,139
74,210
74,228
74,142
74,191
74,21
74,34
74,81
74,89
74,90
74,117
74,126
74,181
74,206
74,44
74,106
74,136
74,166
74,35
74,161
74,203
74,226
74,23
74,97
74,125
74,194
74,15
74,55
74,103
74,107
74,111
74,115
74,154
74,165
74,211
74,217
74,31
74,56
74,95
74,162
74,169
74,170
74,187
74,41
74,59
74,68
74,73
74,96
74,101
74,114
74,120
74,153
74,199
74,218
74,4
74,26
74,52
74,83
74,104
74,127
74,163
74,178
74,182
74,188
74,193
74,12
74,19
74,80
74,119
74,121
74,135
74,145
74,200
74,7
74,14
74,25
74,29
74,38
74,53
74,61
74,62
74,86
74,92
74,129
74,164
74,174
74,186
74,50
74,65
74,88
74,94
74,133
74,148
74,157
74,8
74,24
74,28
74,42
74,46
74,63
74,75
74,159
74,160
74,222
74,225
74,22
74,37
74,84
74,175
74,220
74,11
74,147
74,146
74,224
74,76
74,177
74,227
74,137
75,55
75,59
75,83
75,7
75,25
75,61
75,86
75,129
75,174
75,50
75,88
75,24
75,28
75,42
75,160
75,225
75,37
75,11
76,59
76,73
76,101
76,218
76,83
76,42
76,37
76,11
76,146
76,49
76,227
77,40
77,48
77,66
77,179
77,191
77,34
77,126
77,130
77,206
77,31
77,56
77,95
77,59
77,73
77,101
77,199
77,218
77,83
77,104
77,163
77,193
77,12
77,19
77,74
77,80
77,145
77,200
77,50
77,24
77,42
77,37
77,11
77,36
77,28
78,64
78,142
78,34
78,51
78,81
78,89
78,90
78,117
78,126
78,181
78,184
78,206
78,31
78,56
78,95
78,59
78,73
78,96
78,101
78,114
78,153
78,199
78,218
78,83
78,104
78,163
78,193
78,12
78,19
78,74
78,80
78,145
78,200
78,42
78,63
78,37
78,220
78,11
79,108
79,112
79,202
79,9
79,13
79,55
79,103
79,211
79,18
79,31
79,56
79,95
79,162
79,167
79,169
79,170
79,187
79,216
79,59
79,68
79,73
79,96
79,101
79,114
79,120
79,153
79,199
79,218
79,83
79,104
79,127
79,163
79,182
79,193
79,12
79,19
79,74
79,80
79,145
79,200
79,50
79,157
79,24
79,42
79,225
79,37
79,220
79,11
79,28
80,131
80,183
80,215
80,219
80,230
80,48
80,77
80,2
80,64
80,118
80,139
80,210
80,27
80,142
80,191
80,34
80,89
80,117
80,181
80,184
80,206
80,108
80,112
80,202
80,212
80,223
80,44
80,106
80,136
80,166
80,35
80,161
80,203
80,23
80,97
80,125
80,194
80,9
80,13
80,55
80,79
80,103
80,107
80,115
80,211
80,18
80,31
80,56
80,95
80,162
80,167
80,169
80,170
80,187
80,216
80,59
80,68
80,70
80,73
80,96
80,101
80,114
80,120
80,153
80,199
80,218
80,4
80,26
80,52
80,83
80,104
80,127
80,163
80,182
80,188
80,193
80,204
80,12
80,19
80,74
80,119
80,121
80,145
80,200
80,7
80,14
80,29
80,38
80,53
80,61
80,62
80,86
80,92
80,164
80,174
80,209
80,20
80,50
80,65
80,88
80,94
80,133
80,148
80,157
80,8
80,24
80,28
80,42
80,46
80,63
80,159
80,160
80,222
80,225
80,22
80,37
80,84
80,220
80,11
80,147
80,76
80,177
80,36
80,137
80,54
81,230
81,77
81,64
81,118
81,116
81,142
81,191
81,21
81,32
81,34
81,51
81,89
81,117
81,126
81,130
81,149
81,150
81,181
81,184
81,206
81,106
81,161
81,55
81,107
81,211
81,31
81,56
81,95
81,162
81,169
81,170
81,187
81,59
81,70
81,73
81,96
81,101
81,153
81,199
81,218
81,83
81,104
81,127
81,163
81,182
81,188
81,193
81,12
81,19
81,74
81,80
81,145
81,200
81,7
81,14
81,174
81,50
81,24
81,42
81,63
81,225
81,22
81,37
81,220
81,11
81,28
81,68
82,64
82,191
82,55
82,31
82,101
82,218
82,83
82,74
82,145
82,50
82,8
82,24
82,42
82,37
82,11
82,68
83,215
83,64
83,118
83,191
83,108
83,161
83,194
83,9
83,55
83,103
83,107
83,211
83,18
83,31
83,56
83,95
83,162
83,167
83,169
83,170
83,187
83,59
83,73
83,96
83,101
83,114
83,120
83,153
83,199
83,218
83,1
83,52
83,104
83,127
83,163
83,182
83,188
83,193
83,204
83,12
83,19
83,74
83,80
83,119
83,121
83,145
83,200
83,14
83,62
83,50
83,133
83,157
83,8
83,24
83,28
83,42
83,46
83,63
83,160
83,225
83,22
83,37
83,220
83,11
83,36
83,68
83,137
84,31
84,59
84,70
84,96
84,101
84,114
84,153
84,218
84,83
84,74
84,53
84,50
84,88
84,8
84,42
84,37
85,56
85,95
85,59
85,73
85,101
85,199
85,218
85,83
85,104
85,12
85,145
85,200
85,7
85,10
85,14
85,17
85,25
85,38
85,53
85,105
85,173
85,174
85,176
85,209
85,221
85,50
85,157
85,8
85,24
85,42
85,91
85,225
85,37
85,220
85,11
85,193
85,28
85,54
86,211
86,59
86,83
86,7
86,25
86,61
86,62
86,129
86,174
86,186
86,42
86,75
86,37
86,11
86,54
87,161
87,211
87,83
87,12
87,50
87,42
87,37
87,11
87,134
87,152
87,156
88,64
88,191
88,161
88,55
88,31
88,56
88,95
88,59
88,73
88,96
88,101
88,114
88,153
88,199
88,218
88,83
88,104
88,163
88,193
88,12
88,19
88,74
88,80
88,145
88,200
88,14
88,53
88,62
88,105
88,164
88,174
88,20
88,50
88,65
88,94
88,133
88,148
88,157
88,8
88,24
88,28
88,42
88,46
88,63
88,160
88,225
88,37
88,220
88,11
88,68
89,5
89,77
89,64
89,139
89,228
89,142
89,191
89,34
89,51
89,78
89,81
89,90
89,117
89,126
89,130
89,181
89,184
89,206
89,55
89,31
89,56
89,95
89,162
89,169
89,170
89,59
89,73
89,96
89,101
89,153
89,199
89,218
89,83
89,104
89,163
89,193
89,12
89,19
89,74
89,80
89,145
89,200
89,8
89,24
89,42
89,37
89,220
89,11
89,36
89,28
90,64
90,118
90,228
90,191
90,34
90,51
90,78
90,89
90,117
90,130
90,181
90,184
90,206
90,31
90,56
90,95
90,170
90,59
90,73
90,101
90,153
90,199
90,218
90,83
90,104
90,163
90,193
90,12
90,19
90,74
90,145
90,200
90,42
90,37
90,11
90,28
91,191
91,31
91,56
91,95
91,162
91,59
91,73
91,96
91,101
91,153
91,199
91,218
91,83
91,104
91,193
91,12
91,19
91,74
91,145
91,200
91,6
91,7
91,10
91,14
91,17
91,25
91,29
91,38
91,61
91,62
91,85
91,86
91,138
91,164
91,173
91,174
91,176
91,186
91,209
91,50
91,157
91,24
91,28
91,42
91,46
91,75
91,197
91,225
91,22
91,37
91,220
91,11
91,68
91,54
92,194
92,55
92,31
92,56
92,59
92,73
92,96
92,101
92,153
92,199
92,218
92,83
92,104
92,193
92,12
92,19
92,74
92,80
92,145
92,200
92,7
92,10
92,14
92,17
92,25
92,38
92,53
92,61
92,62
92,86
92,129
92,164
92,186
92,213
92,221
92,20
92,50
92,88
92,94
92,133
92,148
92,157
92,8
92,24
92,28
92,42
92,46
92,63
92,75
92,160
92,225
92,22
92,37
92,220
92,11
92,54
93,73
93,83
93,104
93,42
93,68
94,55
94,31
94,56
94,95
94,59
94,73
94,96
94,101
94,153
94,199
94,218
94,83
94,104
94,193
94,12
94,19
94,74
94,80
94,145
94,200
94,7
94,14
94,38
94,62
94,105
94,164
94,20
94,50
94,65
94,88
94,133
94,148
94,157
94,8
94,24
94,28
94,42
94,46
94,63
94,160
94,225
94,37
94,220
94,11
94,68
95,64
95,118
95,136
95,161
95,55
95,103
95,107
95,115
95,211
95,18
95,31
95,56
95,162
95,167
95,169
95,170
95,187
95,59
95,68
95,73
95,96
95,101
95,114
95,120
95,153
95,199
95,218
95,26
95,52
95,83
95,104
95,127
95,163
95,182
95,188
95,193
95,204
95,12
95,19
95,74
95,80
95,119
95,121
95,145
95,200
95,53
95,62
95,50
95,133
95,157
95,8
95,24
95,28
95,42
95,46
95,63
95,160
95,225
95,37
95,220
95,11
95,147
95,137
96,191
96,161
96,55
96,211
96,31
96,56
96,95
96,162
96,170
96,187
96,59
96,70
96,73
96,101
96,114
96,120
96,153
96,199
96,218
96,83
96,104
96,163
96,193
96,12
96,19
96,74
96,80
96,119
96,121
96,145
96,200
96,50
96,8
96,24
96,42
96,160
96,37
96,84
96,220
96,11
96,28
96,68
97,67
97,122
97,123
97,131
97,140
97,183
97,192
97,215
97,219
97,230
97,64
97,118
97,196
97,27
97,116
97,142
97,191
97,81
97,117
97,184
97,202
97,43
97,44
97,57
97,106
97,136
97,166
97,30
97,35
97,98
97,124
97,141
97,161
97,185
97,203
97,226
97,16
97,23
97,125
97,144
97,155
97,194
97,15
97,55
97,100
97,103
97,107
97,111
97,115
97,154
97,165
97,180
97,211
97,217
97,18
97,31
97,56
97,95
97,162
97,169
97,170
97,187
97,216
97,59
97,68
97,70
97,73
97,96
97,101
97,114
97,153
97,199
97,218
97,52
97,83
97,104
97,127
97,163
97,182
97,188
97,193
97,12
97,19
97,74
97,80
97,119
97,121
97,145
97,200
97,7
97,10
97,14
97,17
97,25
97,29
97,38
97,61
97,62
97,86
97,105
97,164
97,174
97,186
97,209
97,20
97,50
97,65
97,133
97,148
97,157
97,8
97,24
97,28
97,42
97,46
97,63
97,160
97,225
97,22
97,37
97,220
97,11
97,147
97,72
97,158
97,76
97,208
97,54
98,183
98,2
98,64
98,118
98,142
98,191
98,43
98,44
98,57
98,106
98,166
98,30
98,35
98,124
98,161
98,185
98,203
98,205
98,226
98,16
98,97
98,155
98,194
98,15
98,55
98,107
98,111
98,115
98,154
98,165
98,180
98,211
98,217
98,31
98,56
98,95
98,162
98,170
98,187
98,59
98,70
98,73
98,96
98,101
98,114
98,153
98,199
98,218
98,52
98,83
98,104
98,127
98,163
98,182
98,188
98,193
98,12
98,19
98,74
98,80
98,145
98,200
98,14
98,25
98,186
98,50
98,88
98,133
98,157
98,8
98,24
98,42
98,46
98,63
98,160
98,225
98,37
98,220
98,11
98,147
98,146
98,158
98,189
98,76
98,28
98,68
98,54
99,64
99,118
99,142
99,191
99,89
99,202
99,212
99,106
99,161
99,203
99,97
99,155
99,194
99,9
99,13
99,55
99,100
99,103
99,107
99,211
99,229
99,18
99,31
99,56
99,95
99,162
99,169
99,170
99,187
99,216
99,59
99,73
99,96
99,101
99,114
99,120
99,153
99,199
99,218
99,52
99,83
99,104
99,127
99,163
99,182
99,188
99,193
99,12
99,19
99,74
99,80
99,121
99,145
99,200
99,38
99,62
99,50
99,65
99,88
99,133
99,157
99,8
99,24
99,42
99,46
99,63
99,160
99,225
99,37
99,220
99,11
99,147
99,143
99,28
99,68
100,2
100,64
100,118
100,139
100,210
100,191
100,130
100,202
100,124
100,161
100,203
100,97
100,99
100,155
100,194
100,55
100,103
100,107
100,115
100,154
100,180
100,201
100,211
100,229
100,31
100,56
100,95
100,162
100,169
100,170
100,187
100,59
100,73
100,96
100,101
100,114
100,153
100,199
100,218
100,52
100,83
100,104
100,127
100,163
100,182
100,188
100,193
100,12
100,19
100,74
100,80
100,145
100,200
100,62
100,50
100,133
100,8
100,24
100,42
100,46
100,63
100,160
100,225
100,37
100,220
100,11
100,147
100,28
100,68
101,131
101,39
101,64
101,27
101,142
101,191
101,44
101,106
101,136
101,161
101,55
101,107
101,211
101,18
101,31
101,56
101,95
101,162
101,169
101,170
101,187
101,41
101,59
101,73
101,96
101,102
101,114
101,120
101,153
101,199
101,218
101,52
101,83
101,104
101,127
101,163
101,182
101,188
101,193
101,12
101,19
101,74
101,80
101,119
101,121
101,145
101,200
101,14
101,38
101,62
101,50
101,65
101,133
101,148
101,157
101,8
101,24
101,28
101,42
101,46
101,63
101,160
101,225
101,22
101,37
101,220
101,11
101,147
101,158
101,68
102,218
102,83
102,74
102,24
102,11
102,68
103,77
103,64
103,142
103,191
103,81
103,161
103,194
103,55
103,107
103,115
103,195
103,211
103,18
103,31
103,56
103,95
103,162
103,167
103,169
103,170
103,187
103,216
103,59
103,73
103,96
103,101
103,114
103,120
103,153
103,199
103,218
103,52
103,83
103,104
103,127
103,163
103,182
103,188
103,193
103,12
103,19
103,74
103,80
103,121
103,145
103,200
103,38
103,62
103,164
103,50
103,65
103,88
103,94
103,133
103,157
103,8
103,24
103,28
103,42
103,46
103,63
103,160
103,225
103,22
103,37
103,220
103,11
103,68
104,131
104,183
104,215
104,219
104,39
104,2
104,64
104,118
104,139
104,210
104,27
104,142
104,191
104,34
104,81
104,89
104,117
104,130
104,44
104,106
104,136
104,35
104,161
104,203
104,23
104,125
104,194
104,55
104,103
104,107
104,211
104,18
104,31
104,56
104,95
104,162
104,167
104,169
104,170
104,187
104,59
104,73
104,96
104,101
104,114
104,120
104,153
104,199
104,218
104,1
104,4
104,26
104,52
104,83
104,127
104,163
104,178
104,182
104,188
104,193
104,204
104,12
104,19
104,74
104,80
104,119
104,121
104,135
104,145
104,200
104,7
104,14
104,25
104,38
104,53
104,62
104,86
104,92
104,129
104,164
104,174
104,50
104,65
104,88
104,94
104,133
104,148
104,157
104,8
104,24
104,28
104,42
104,46
104,63
104,75
104,159
104,160
104,222
104,225
104,22
104,37
104,220
104,11
104,147
104,146
104,76
104,36
104,68
104,137
104,54
105,191
105,55
105,31
105,56
105,95
105,59
105,73
105,96
105,101
105,114
105,153
105,199
105,218
105,83
105,104
105,163
105,193
105,12
105,19
105,74
105,80
105,145
105,200
105,6
105,7
105,10
105,14
105,17
105,25
105,29
105,38
105,53
105,61
105,62
105,85
105,164
105,173
105,174
105,176
105,186
105,209
105,221
105,20
105,50
105,65
105,94
105,133
105,148
105,157
105,8
105,24
105,28
105,42
105,46
105,63
105,91
105,225
105,22
105,37
105,220
105,11
105,68
105,54
106,131
106,215
106,230
106,77
106,64
106,118
106,142
106,191
106,34
106,81
106,89
106,184
106,43
106,44
106,57
106,136
106,166
106,30
106,35
106,98
106,124
106,161
106,203
106,226
106,16
106,23
106,97
106,125
106,194
106,55
106,107
106,211
106,31
106,56
106,95
106,162
106,170
106,187
106,59
106,73
106,96
106,101
106,114
106,120
106,153
106,199
106,218
106,52
106,83
106,104
106,127
106,163
106,182
106,188
106,193
106,12
106,19
106,74
106,80
106,121
106,145
106,200
106,7
106,14
106,25
106,38
106,62
106,92
106,164
106,174
106,50
106,65
106,88
106,94
106,133
106,148
106,157
106,8
106,24
106,28
106,42
106,46
106,63
106,159
106,160
106,225
106,22
106,37
106,220
106,11
106,147
106,158
106,189
106,87
106,134
106,152
106,156
106,76
106,177
106,208
106,68
106,54
107,2
107,64
107,118
107,191
107,98
107,161
107,194
107,15
107,55
107,100
107,111
107,115
107,154
107,165
107,180
107,195
107,211
107,217
107,18
107,31
107,56
107,95
107,162
107,169
107,170
107,187
107,216
107,59
107,73
107,96
107,101
107,114
107,153
107,199
107,218
107,52
107,83
107,104
107,127
107,163
107,182
107,188
107,193
107,12
107,19
107,74
107,80
107,145
107,200
107,164
107,50
107,94
107,133
107,148
107,157
107,8
107,24
107,42
107,46
107,63
107,160
107,225
107,37
107,220
107,11
107,28
107,68
108,64
108,118
108,112
108,202
108,212
108,223
108,136
108,166
108,97
108,9
108,13
108,55
108,79
108,103
108,107
108,211
108,18
108,31
108,56
108,95
108,162
108,167
108,169
108,170
108,187
108,216
108,59
108,68
108,73
108,96
108,101
108,114
108,120
108,153
108,199
108,218
108,52
108,83
108,104
108,163
108,182
108,188
108,193
108,12
108,19
108,74
108,80
108,145
108,200
108,62
108,50
108,24
108,42
108,37
108,220
108,11
108,28
109,33
109,47
109,67
109,171
109,183
109,192
109,215
109,219
109,230
109,64
109,118
109,196
109,27
109,142
109,191
109,81
109,161
109,97
109,55
109,211
109,31
109,56
109,95
109,162
109,170
109,187
109,59
109,70
109,73
109,96
109,101
109,114
109,153
109,199
109,218
109,83
109,104
109,127
109,163
109,188
109,193
109,12
109,19
109,74
109,80
109,145
109,200
109,14
109,38
109,50
109,133
109,8
109,24
109,42
109,37
109,220
109,11
109,147
109,28
109,68
110,31
110,56
110,59
110,73
110,101
110,218
110,104
110,74
110,37
110,11
110,147
110,72
110,189
110,128
110,143
110,177
110,214
110,28
110,68
111,2
111,64
111,118
111,191
111,130
111,161
111,97
111,194
111,15
111,55
111,100
111,107
111,115
111,154
111,165
111,195
111,211
111,217
111,31
111,56
111,95
111,162
111,170
111,187
111,59
111,73
111,96
111,101
111,114
111,153
111,199
111,218
111,83
111,104
111,127
111,182
111,193
111,12
111,19
111,74
111,145
111,200
111,24
111,42
111,46
111,225
111,37
111,220
111,11
111,28
111,68
112,64
112,191
112,108
112,202
112,223
112,166
112,13
112,55
112,79
112,103
112,211
112,18
112,31
112,56
112,95
112,162
112,170
112,187
112,216
112,59
112,68
112,73
112,96
112,101
112,114
112,120
112,153
112,199
112,218
112,83
112,104
112,193
112,12
112,19
112,74
112,80
112,145
112,200
112,24
112,42
112,37
112,220
112,11
113,191
113,136
113,35
113,161
113,203
113,226
113,16
113,55
113,31
113,56
113,95
113,170
113,59
113,73
113,101
113,153
113,199
113,218
113,83
113,104
113,193
113,12
113,19
113,74
113,80
113,119
113,145
113,200
113,50
113,8
113,24
113,42
113,75
113,37
113,220
113,11
113,146
113,28
114,191
114,108
114,112
114,55
114,79
114,103
114,211
114,18
114,31
114,56
114,95
114,162
114,170
114,187
114,216
114,59
114,68
114,73
114,96
114,101
114,120
114,153
114,199
114,218
114,52
114,83
114,104
114,127
114,163
114,188
114,193
114,12
114,19
114,74
114,80
114,121
114,145
114,200
114,50
114,133
114,8
114,24
114,42
114,46
114,225
114,37
114,220
114,11
114,28
115,48
115,77
115,2
115,64
115,118
115,139
115,142
115,191
115,81
115,89
115,117
115,130
115,181
115,184
115,161
115,125
115,194
115,9
115,15
115,55
115,100
115,103
115,107
115,111
115,165
115,180
115,195
115,211
115,217
115,18
115,31
115,56
115,95
115,162
115,169
115,170
115,187
115,216
115,59
115,73
115,96
115,101
115,114
115,120
115,153
115,199
115,218
115,52
115,83
115,104
115,127
115,163
115,182
115,188
115,193
115,12
115,19
115,74
115,80
115,121
115,145
115,200
115,7
115,25
115,29
115,53
115,61
115,62
115,86
115,164
115,174
115,186
115,20
115,50
115,88
115,133
115,157
115,8
115,24
115,28
115,42
115,46
115,63
115,160
115,225
115,37
115,220
115,11
115,68
115,54
116,140
116,219
116,27
116,142
116,191
116,198
116,56
116,95
116,59
116,73
116,101
116,199
116,218
116,83
116,104
116,12
116,19
116,74
116,145
116,200
116,24
116,42
116,37
116,11
117,64
117,191
117,198
117,51
117,78
117,81
117,89
117,90
117,126
117,150
117,184
117,206
117,203
117,31
117,56
117,95
117,59
117,73
117,96
117,101
117,153
117,199
117,218
117,83
117,104
117,163
117,193
117,12
117,19
117,74
117,80
117,145
117,200
117,24
117,42
117,37
117,220
117,11
117,36
117,28
118,192
118,40
118,2
118,64
118,139
118,196
118,210
118,142
118,191
118,51
118,130
118,149
118,98
118,161
118,194
118,55
118,103
118,107
118,115
118,211
118,31
118,56
118,95
118,162
118,170
118,187
118,59
118,73
118,96
118,101
118,114
118,153
118,199
118,218
118,52
118,83
118,104
118,127
118,163
118,182
118,188
118,193
118,12
118,19
118,74
118,80
118,145
118,200
118,50
118,157
118,8
118,24
118,42
118,225
118,37
118,220
118,11
118,68
118,28
119,31
119,56
119,95
119,59
119,73
119,101
119,114
119,153
119,218
119,83
119,104
119,163
119,193
119,12
119,19
119,74
119,80
119,200
119,50
119,8
119,24
119,42
119,37
119,11
119,68
119,28
120,191
120,108
120,112
120,55
120,79
120,103
120,211
120,18
120,31
120,56
120,95
120,162
120,169
120,170
120,187
120,216
120,59
120,68
120,73
120,96
120,101
120,114
120,153
120,199
120,218
120,52
120,83
120,104
120,127
120,163
120,182
120,188
120,193
120,12
120,19
120,74
120,80
120,121
120,145
120,200
120,50
120,133
120,157
120,8
120,24
120,42
120,46
120,225
120,37
120,220
120,11
120,70
120,28
121,142
121,191
121,34
121,55
121,211
121,31
121,56
121,95
121,162
121,170
121,187
121,59
121,73
121,96
121,101
121,114
121,153
121,199
121,218
121,52
121,83
121,104
121,163
121,182
121,188
121,193
121,12
121,19
121,74
121,80
121,119
121,145
121,200
121,50
121,8
121,24
121,42
121,46
121,160
121,37
121,220
121,11
121,68
121,137
121,28
122,47
122,131
122,132
122,168
122,183
122,64
122,27
122,191
122,55
122,31
122,56
122,95
122,170
122,59
122,73
122,96
122,101
122,114
122,153
122,199
122,218
122,83
122,104
122,163
122,193
122,12
122,19
122,74
122,80
122,145
122,200
122,50
122,8
122,24
122,42
122,37
122,11
122,68
122,28
123,67
123,140
123,219
123,230
123,231
123,64
123,27
123,116
123,142
123,191
123,55
123,56
123,170
123,59
123,73
123,96
123,101
123,114
123,153
123,199
123,218
123,104
123,163
123,193
123,12
123,19
123,74
123,145
123,200
123,24
123,42
123,37
123,11
123,28
124,131
124,2
124,64
124,118
124,191
124,43
124,44
124,57
124,106
124,166
124,30
124,35
124,98
124,161
124,185
124,203
124,205
124,226
124,16
124,97
124,125
124,194
124,55
124,107
124,211
124,31
124,56
124,95
124,162
124,170
124,59
124,73
124,96
124,101
124,114
124,153
124,199
124,218
124,83
124,104
124,127
124,163
124,193
124,12
124,19
124,74
124,80
124,121
124,145
124,200
124,38
124,62
124,50
124,133
124,157
124,8
124,24
124,42
124,63
124,160
124,225
124,22
124,37
124,220
124,11
124,147
124,158
124,189
124,68
124,28
125,183
125,64
125,191
125,97
125,194
125,31
125,56
125,170
125,59
125,73
125,101
125,199
125,218
125,83
125,104
125,12
125,19
125,74
125,200
125,50
125,42
125,37
125,11
125,28
126,192
126,230
126,39
126,48
126,77
126,64
126,118
126,196
126,210
126,228
126,191
126,21
126,32
126,34
126,51
126,78
126,81
126,89
126,117
126,130
126,149
126,150
126,181
126,184
126,206
126,31
126,56
126,95
126,162
126,169
126,170
126,59
126,73
126,96
126,101
126,114
126,153
126,199
126,218
126,83
126,104
126,163
126,193
126,12
126,19
126,74
126,80
126,145
126,200
126,24
126,42
126,37
126,11
126,36
126,28
127,191
127,55
127,211
127,31
127,56
127,95
127,170
127,187
127,59
127,73
127,96
127,101
127,114
127,153
127,199
127,218
127,83
127,104
127,163
127,182
127,193
127,12
127,19
127,74
127,80
127,121
127,145
127,200
127,62
127,8
127,24
127,42
127,160
127,37
127,220
127,11
127,28
128,31
128,56
128,59
128,101
128,83
128,104
128,37
128,220
128,11
128,87
128,134
128,152
129,55
129,59
129,7
129,25
129,61
129,62
129,86
129,174
129,186
129,50
129,42
129,75
129,225
129,37
129,11
129,54
130,48
130,64
130,118
130,139
130,210
130,228
130,51
130,78
130,81
130,89
130,90
130,126
130,181
130,184
130,206
130,100
130,107
130,31
130,56
130,95
130,59
130,73
130,101
130,153
130,199
130,218
130,83
130,104
130,163
130,193
130,12
130,19
130,74
130,145
130,200
130,24
130,42
130,37
130,11
130,68
131,168
131,183
131,219
131,27
131,142
131,191
131,97
131,55
131,31
131,56
131,95
131,170
131,59
131,73
131,96
131,101
131,114
131,153
131,199
131,218
131,83
131,104
131,193
131,12
131,19
131,74
131,121
131,145
131,200
131,42
131,37
131,11
131,68
132,168
132,42
132,37
132,227
133,64
133,191
133,34
133,106
133,161
133,55
133,103
133,211
133,31
133,56
133,95
133,162
133,169
133,170
133,187
133,59
133,73
133,96
133,101
133,114
133,153
133,199
133,218
133,52
133,83
133,104
133,163
133,182
133,188
133,193
133,12
133,19
133,74
133,80
133,119
133,121
133,145
133,200
133,7
133,14
133,25
133,38
133,53
133,62
133,92
133,164
133,174
133,20
133,50
133,65
133,88
133,94
133,148
133,157
133,8
133,24
133,28
133,42
133,46
133,63
133,159
133,160
133,222
133,225
133,37
133,220
133,11
133,68
133,54
134,101
134,104
134,193
134,12
134,74
134,8
134,42
134,37
134,220
134,11
134,87
134,128
134,152
134,156
135,64
135,118
135,191
135,31
135,56
135,95
135,162
135,170
135,59
135,73
135,96
135,101
135,199
135,218
135,83
135,104
135,193
135,12
135,19
135,74
135,145
135,200
135,50
135,8
135,24
135,42
135,37
135,11
135,68
135,28
136,64
136,166
136,211
136,18
136,31
136,56
136,95
136,162
136,167
136,170
136,187
136,59
136,68
136,73
136,96
136,101
136,114
136,120
136,153
136,199
136,218
136,83
136,104
136,193
136,12
136,19
136,74
136,145
136,200
136,50
136,24
136,42
136,37
136,11
137,31
137,56
137,95
137,162
137,170
137,187
137,59
137,73
137,101
137,153
137,199
137,218
137,26
137,52
137,104
137,163
137,182
137,188
137,193
137,204
137,12
137,19
137,74
137,80
137,119
137,121
137,200
137,24
137,225
137,37
137,11
137,28
138,101
138,218
138,83
138,74
138,6
138,7
138,29
138,61
138,85
138,173
138,174
138,221
138,50
138,42
138,37
138,220
139,77
139,64
139,118
139,210
139,191
139,130
139,181
139,15
139,55
139,100
139,103
139,107
139,111
139,115
139,165
139,211
139,217
139,31
139,56
139,95
139,162
139,169
139,170
139,187
139,216
139,59
139,73
139,96
139,101
139,114
139,153
139,199
139,218
139,4
139,52
139,82
139,83
139,104
139,127
139,163
139,182
139,188
139,193
139,12
139,19
139,74
139,80
139,121
139,145
139,200
139,62
139,50
139,133
139,157
139,8
139,24
139,42
139,46
139,63
139,160
139,225
139,37
139,220
139,11
139,146
139,68
139,28
140,67
140,109
140,123
140,215
140,219
140,230
140,231
140,5
140,179
140,64
140,27
140,116
140,142
140,191
140,198
140,34
140,55
140,31
140,56
140,95
140,162
140,170
140,59
140,73
140,96
140,101
140,114
140,153
140,199
140,218
140,83
140,104
140,163
140,193
140,12
140,19
140,74
140,145
140,200
140,50
140,8
140,24
140,28
140,42
140,225
140,37
140,11
140,68
141,64
141,191
141,166
141,35
141,113
141,124
141,161
141,203
141,226
141,16
141,23
141,97
141,155
141,55
141,107
141,180
141,211
141,56
141,95
141,170
141,59
141,73
141,96
141,101
141,153
141,199
141,218
141,83
141,104
141,193
141,12
141,19
141,74
141,80
141,145
141,200
141,50
141,157
141,8
141,24
141,42
141,37
141,220
141,11
141,147
141,28
142,109
142,219
142,230
142,5
142,64
142,27
142,116
142,191
142,55
142,31
142,56
142,95
142,170
142,59
142,73
142,96
142,101
142,153
142,199
142,218
142,83
142,104
142,193
142,12
142,19
142,74
142,145
142,200
142,8
142,42
142,37
142,11
142,68
142,28
143,191
143,31
143,56
143,96
143,218
143,104
143,12
143,19
143,42
143,37
143,11
143,110
143,177
144,183
144,191
144,44
144,166
144,30
144,35
144,124
144,161
144,203
144,226
144,16
144,23
144,97
144,194
144,15
144,55
144,107
144,111
144,165
144,180
144,217
144,31
144,56
144,95
144,162
144,170
144,59
144,73
144,96
144,101
144,114
144,153
144,199
144,218
144,83
144,104
144,163
144,193
144,12
144,19
144,74
144,80
144,121
144,145
144,200
144,50
144,24
144,42
144,37
144,220
144,11
144,147
144,152
144,68
144,28
145,215
145,39
145,64
145,118
145,27
145,142
145,191
145,34
145,81
145,117
145,202
145,44
145,106
145,30
145,35
145,98
145,161
145,203
145,23
145,15
145,55
145,103
145,107
145,111
145,154
145,165
145,211
145,217
145,31
145,56
145,95
145,162
145,169
145,170
145,187
145,59
145,73
145,96
145,101
145,114
145,120
145,153
145,199
145,218
145,4
145,52
145,83
145,104
145,127
145,163
145,182
145,188
145,193
145,12
145,19
145,74
145,80
145,119
145,121
145,200
145,7
145,10
145,14
145,25
145,38
145,61
145,62
145,86
145,164
145,174
145,186
145,50
145,65
145,88
145,94
145,133
145,148
145,157
145,8
145,24
145,28
145,42
145,46
145,63
145,160
145,197
145,225
145,37
145,220
145,11
145,147
145,49
145,36
145,68
145,137
145,54
146,101
146,218
146,24
146,42
146,37
146,11
146,189
146,224
146,76
146,227
147,64
147,142
147,191
147,198
147,202
147,44
147,106
147,166
147,30
147,124
147,161
147,185
147,203
147,205
147,23
147,125
147,194
147,55
147,107
147,211
147,31
147,56
147,95
147,162
147,170
147,187
147,59
147,73
147,96
147,101
147,102
147,114
147,153
147,199
147,218
147,52
147,83
147,104
147,127
147,163
147,182
147,188
147,193
147,12
147,19
147,74
147,80
147,121
147,145
147,200
147,7
147,14
147,25
147,38
147,174
147,50
147,133
147,157
147,8
147,24
147,42
147,46
147,63
147,71
147,160
147,225
147,37
147,220
147,11
147,72
147,146
147,158
147,189
147,224
147,110
147,143
147,3
147,49
147,76
147,151
147,177
147,207
147,68
147,28
148,191
148,55
148,31
148,56
148,95
148,170
148,59
148,73
148,96
148,101
148,114
148,153
148,199
148,218
148,83
148,104
148,193
148,12
148,19
148,74
148,80
148,145
148,200
148,10
148,14
148,38
148,53
148,62
148,105
148,164
148,50
148,65
148,88
148,94
148,133
148,157
148,8
148,24
148,28
148,42
148,46
148,63
148,160
148,225
148,37
148,220
148,11
148,68
149,40
149,64
149,118
149,191
149,21
149,32
149,51
149,81
149,89
149,117
149,126
149,130
149,150
149,181
149,184
149,206
149,202
149,55
149,31
149,56
149,95
149,170
149,59
149,73
149,96
149,101
149,153
149,199
149,218
149,83
149,104
149,127
149,193
149,12
149,19
149,74
149,80
149,145
149,200
149,38
149,8
149,24
149,42
149,37
149,11
149,36
149,28
150,183
150,192
150,230
150,36
150,40
150,66
150,77
150,64
150,118
150,196
150,210
150,27
150,142
150,191
150,21
150,32
150,34
150,51
150,81
150,89
150,117
150,126
150,149
150,181
150,184
150,206
150,106
150,166
150,161
150,97
150,15
150,55
150,107
150,111
150,165
150,211
150,217
150,31
150,56
150,95
150,162
150,169
150,170
150,187
150,59
150,73
150,96
150,101
150,114
150,120
150,153
150,199
150,218
150,52
150,83
150,104
150,127
150,163
150,188
150,193
150,12
150,19
150,74
150,80
150,145
150,200
150,7
150,14
150,38
150,61
150,62
150,174
150,209
150,20
150,50
150,133
150,148
150,157
150,8
150,24
150,42
150,46
150,63
150,225
150,22
150,37
150,220
150,11
150,68
150,28
151,191
151,24
151,42
151,11
151,147
151,49
151,177
152,191
152,170
152,83
152,42
152,11
152,87
152,134
152,156
153,64
153,118
153,27
153,142
153,191
153,106
153,161
153,203
153,16
153,194
153,55
153,107
153,211
153,18
153,31
153,56
153,95
153,162
153,169
153,170
153,187
153,59
153,70
153,73
153,96
153,101
153,114
153,120
153,199
153,218
153,52
153,83
153,104
153,127
153,163
153,182
153,193
153,12
153,19
153,74
153,80
153,119
153,121
153,145
153,200
153,14
153,25
153,62
153,50
153,133
153,157
153,8
153,24
153,28
153,42
153,46
153,63
153,160
153,225
153,37
153,84
153,220
153,11
153,68
154,64
154,118
154,191
154,202
154,161
154,194
154,55
154,107
154,115
154,195
154,211
154,31
154,95
154,170
154,59
154,73
154,101
154,153
154,199
154,218
154,83
154,104
154,193
154,12
154,19
154,74
154,145
154,200
154,50
154,24
154,42
154,37
154,11
154,28
155,131
155,140
155,183
155,215
155,219
155,64
155,118
155,27
155,116
155,142
155,191
155,81
155,202
155,43
155,44
155,57
155,106
155,136
155,166
155,30
155,35
155,98
155,124
155,141
155,161
155,185
155,203
155,205
155,226
155,0
155,23
155,97
155,99
155,125
155,144
155,194
155,15
155,55
155,100
155,107
155,111
155,115
155,154
155,165
155,180
155,211
155,217
155,18
155,31
155,56
155,95
155,162
155,169
155,170
155,187
155,59
155,73
155,96
155,101
155,114
155,120
155,153
155,199
155,218
155,83
155,104
155,127
155,163
155,188
155,193
155,12
155,19
155,74
155,80
155,145
155,200
155,7
155,14
155,38
155,62
155,174
155,50
155,88
155,133
155,157
155,8
155,24
155,28
155,42
155,46
155,63
155,160
155,225
155,22
155,37
155,220
155,11
155,147
155,72
155,68
156,161
156,56
156,114
156,83
156,104
156,12
156,19
156,42
156,37
156,87
156,134
156,152
156,28
157,191
157,55
157,31
157,56
157,95
157,162
157,170
157,59
157,73
157,96
157,101
157,114
157,153
157,199
157,218
157,83
157,104
157,163
157,193
157,12
157,19
157,74
157,80
157,145
157,200
157,14
157,38
157,53
157,62
157,105
157,164
157,174
157,50
157,65
157,88
157,94
157,133
157,148
157,8
157,24
157,28
157,42
157,46
157,63
157,160
157,225
157,37
157,220
157,11
158,191
158,161
158,31
158,56
158,95
158,59
158,73
158,96
158,101
158,199
158,218
158,83
158,104
158,193
158,12
158,19
158,74
158,145
158,200
158,24
158,42
158,37
158,147
158,189
158,224
158,49
158,177
158,68
159,191
159,55
159,31
159,56
159,95
159,169
159,170
159,59
159,73
159,96
159,101
159,114
159,153
159,199
159,218
159,83
159,104
159,163
159,193
159,12
159,19
159,74
159,80
159,145
159,200
159,62
159,50
159,65
159,88
159,94
159,133
159,157
159,8
159,24
159,28
159,42
159,46
159,63
159,160
159,222
159,225
159,37
159,220
159,11
160,191
160,34
160,43
160,57
160,106
160,161
160,55
160,103
160,211
160,31
160,56
160,95
160,162
160,170
160,187
160,59
160,73
160,96
160,101
160,114
160,153
160,199
160,218
160,52
160,83
160,104
160,127
160,163
160,182
160,188
160,193
160,12
160,19
160,74
160,80
160,121
160,145
160,200
160,10
160,14
160,38
160,53
160,62
160,92
160,164
160,50
160,65
160,88
160,94
160,133
160,148
160,157
160,8
160,24
160,28
160,42
160,46
160,63
160,75
160,222
160,225
160,37
160,220
160,11
160,70
160,68
160,54
161,183
161,64
161,118
161,142
161,191
161,81
161,43
161,44
161,45
161,57
161,106
161,136
161,166
161,30
161,35
161,98
161,124
161,185
161,203
161,205
161,226
161,23
161,125
161,15
161,55
161,107
161,111
161,115
161,154
161,165
161,180
161,211
161,217
161,31
161,56
161,95
161,162
161,170
161,187
161,59
161,70
161,73
161,96
161,101
161,114
161,153
161,199
161,218
161,4
161,52
161,83
161,104
161,127
161,163
161,182
161,188
161,193
161,12
161,19
161,74
161,80
161,119
161,121
161,145
161,200
161,10
161,14
161,38
161,62
161,164
161,209
161,50
161,65
161,88
161,133
161,157
161,8
161,24
161,42
161,46
161,63
161,160
161,225
161,22
161,37
161,84
161,220
161,11
161,147
161,158
161,189
161,87
161,128
161,134
161,143
161,152
161,156
161,3
161,68
161,28
162,64
162,118
162,142
162,191
162,81
162,108
162,112
162,202
162,106
162,136
162,161
162,55
162,79
162,103
162,107
162,211
162,18
162,31
162,56
162,95
162,167
162,169
162,170
162,187
162,216
162,59
162,68
162,70
162,73
162,96
162,101
162,114
162,120
162,153
162,199
162,218
162,52
162,83
162,104
162,127
162,163
162,178
162,182
162,188
162,193
162,204
162,12
162,19
162,74
162,80
162,119
162,121
162,145
162,200
162,14
162,53
162,62
162,164
162,50
162,133
162,157
162,8
162,24
162,28
162,42
162,46
162,63
162,159
162,160
162,222
162,225
162,22
162,37
162,84
162,220
162,11
162,147
162,137
163,140
163,5
163,48
163,179
163,64
163,27
163,142
163,191
163,34
163,89
163,90
163,44
163,45
163,106
163,161
163,203
163,205
163,97
163,194
163,55
163,211
163,31
163,56
163,95
163,162
163,167
163,169
163,170
163,187
163,41
163,59
163,73
163,96
163,101
163,114
163,120
163,153
163,199
163,218
163,4
163,52
163,83
163,104
163,127
163,182
163,188
163,193
163,12
163,19
163,74
163,80
163,119
163,121
163,145
163,200
163,10
163,14
163,25
163,62
163,86
163,164
163,50
163,65
163,88
163,133
163,157
163,8
163,24
163,28
163,42
163,46
163,63
163,160
163,222
163,225
163,22
163,37
163,220
163,11
163,68
163,54
164,161
164,55
164,59
164,96
164,153
164,83
164,12
164,74
164,7
164,25
164,29
164,38
164,53
164,61
164,62
164,92
164,174
164,186
164,221
164,50
164,65
164,88
164,94
164,133
164,148
164,157
164,8
164,24
164,42
164,46
164,63
164,160
164,225
164,37
164,220
164,11
164,87
164,152
164,54
165,64
165,118
165,161
165,194
165,15
165,55
165,107
165,111
165,154
165,195
165,211
165,217
165,31
165,56
165,95
165,162
165,170
165,59
165,73
165,96
165,101
165,114
165,153
165,199
165,218
165,83
165,104
165,193
165,12
165,74
165,145
165,200
165,50
165,24
165,42
165,37
165,11
165,68
166,215
166,77
166,64
166,118
166,142
166,191
166,89
166,130
166,184
166,108
166,112
166,43
166,44
166,57
166,106
166,136
166,30
166,35
166,98
166,124
166,161
166,203
166,226
166,23
166,194
166,55
166,79
166,107
166,211
166,18
166,31
166,56
166,95
166,162
166,170
166,187
166,59
166,70
166,73
166,96
166,101
166,114
166,153
166,199
166,218
166,52
166,83
166,104
166,163
166,182
166,188
166,193
166,19
166,74
166,80
166,121
166,145
166,200
166,62
166,164
166,50
166,65
166,88
166,94
166,133
166,148
166,157
166,8
166,24
166,42
166,46
166,63
166,159
166,160
166,225
166,37
166,220
166,11
166,147
166,158
166,189
166,87
166,134
166,152
166,156
166,3
166,28
166,68
167,64
167,108
167,112
167,202
167,13
167,55
167,79
167,103
167,107
167,211
167,18
167,31
167,56
167,95
167,162
167,169
167,170
167,187
167,216
167,59
167,68
167,73
167,96
167,101
167,114
167,120
167,153
167,199
167,218
167,52
167,83
167,104
167,127
167,163
167,182
167,188
167,193
167,12
167,19
167,74
167,80
167,145
167,200
167,62
167,50
167,8
167,24
167,42
167,37
167,220
167,11
168,47
168,191
168,59
168,218
168,83
168,86
168,129
168,42
168,75
168,37
168,11
168,68
169,64
169,118
169,142
169,191
169,112
169,161
169,55
169,79
169,103
169,107
169,211
169,18
169,31
169,56
169,95
169,162
169,167
169,170
169,187
169,59
169,70
169,73
169,96
169,101
169,114
169,120
169,153
169,199
169,218
169,26
169,52
169,83
169,104
169,127
169,163
169,178
169,182
169,188
169,193
169,204
169,12
169,19
169,74
169,80
169,119
169,121
169,145
169,200
169,14
169,53
169,62
169,50
169,133
169,157
169,8
169,24
169,28
169,42
169,46
169,63
169,160
169,222
169,225
169,22
169,37
169,84
169,220
169,11
169,147
169,68
169,137
170,131
170,183
170,215
170,39
170,48
170,2
170,64
170,118
170,142
170,191
170,34
170,81
170,89
170,126
170,130
170,184
170,108
170,112
170,202
170,212
170,223
170,43
170,44
170,57
170,106
170,136
170,166
170,35
170,161
170,97
170,194
170,9
170,13
170,55
170,79
170,100
170,103
170,107
170,115
170,211
170,18
170,31
170,56
170,95
170,162
170,167
170,169
170,187
170,216
170,59
170,68
170,70
170,73
170,96
170,101
170,114
170,120
170,153
170,199
170,218
170,26
170,52
170,83
170,104
170,127
170,163
170,178
170,182
170,188
170,193
170,204
170,12
170,19
170,74
170,80
170,119
170,121
170,145
170,200
170,14
170,53
170,62
170,50
170,65
170,94
170,133
170,148
170,157
170,8
170,24
170,28
170,42
170,46
170,63
170,160
170,225
170,37
170,220
170,11
170,147
170,158
170,137
171,33
171,67
171,69
171,109
171,123
171,215
171,219
171,230
171,5
171,48
171,58
171,77
171,64
171,142
171,191
171,198
171,81
171,206
171,203
171,55
171,31
171,56
171,95
171,170
171,59
171,73
171,96
171,101
171,114
171,153
171,199
171,218
171,83
171,104
171,193
171,12
171,19
171,74
171,80
171,121
171,145
171,200
171,50
171,24
171,42
171,37
171,11
171,68
171,28
172,191
172,73
172,101
172,218
172,83
172,74
172,62
172,42
172,71
172,37
172,11
173,191
173,56
173,95
173,73
173,101
173,218
173,83
173,104
173,12
173,74
173,145
173,6
173,7
173,14
173,17
173,25
173,29
173,61
173,62
173,85
173,105
173,138
173,174
173,176
173,186
173,221
173,50
173,24
173,42
173,37
173,220
173,11
173,68
173,54
173,28
174,56
174,59
174,73
174,101
174,199
174,218
174,104
174,193
174,12
174,74
174,145
174,200
174,7
174,14
174,17
174,25
174,29
174,38
174,61
174,85
174,86
174,105
174,129
174,173
174,176
174,186
174,209
174,221
174,50
174,42
174,75
174,91
174,225
174,37
174,220
174,11
174,28
175,73
175,101
175,83
175,62
175,50
175,157
175,24
175,42
175,37
176,55
176,56
176,95
176,59
176,73
176,101
176,218
176,83
176,104
176,12
176,74
176,145
176,7
176,10
176,14
176,17
176,25
176,29
176,38
176,61
176,85
176,105
176,138
176,173
176,174
176,186
176,209
176,221
176,50
176,42
176,91
176,160
176,225
176,37
176,220
176,11
176,54
176,28
177,31
177,56
177,59
177,73
177,101
177,199
177,218
177,83
177,104
177,12
177,74
177,145
177,37
177,220
177,11
177,147
177,72
177,134
177,3
177,49
177,151
177,207
177,208
177,214
178,31
178,56
178,170
178,59
178,73
178,101
178,83
178,104
178,193
178,12
178,19
178,74
178,8
178,42
178,37
178,28
179,5
179,39
179,66
179,77
179,34
179,206
179,56
179,59
179,73
179,218
179,83
179,104
179,163
179,193
179,12
179,19
179,74
179,145
179,200
179,42
179,37
179,28
180,2
180,64
180,118
180,191
180,89
180,130
180,181
180,98
180,161
180,203
180,97
180,194
180,15
180,55
180,100
180,107
180,111
180,115
180,154
180,165
180,195
180,211
180,217
180,31
180,56
180,95
180,162
180,170
180,187
180,59
180,73
180,96
180,101
180,114
180,153
180,199
180,218
180,83
180,104
180,127
180,193
180,12
180,19
180,74
180,80
180,145
180,200
180,62
180,50
180,88
180,133
180,157
180,8
180,24
180,42
180,46
180,63
180,160
180,225
180,37
180,220
180,11
180,147
180,68
180,28
181,230
181,48
181,77
181,64
181,118
181,139
181,210
181,228
181,142
181,191
181,32
181,34
181,51
181,78
181,81
181,89
181,90
181,117
181,126
181,130
181,149
181,184
181,206
181,55
181,211
181,31
181,56
181,95
181,162
181,169
181,170
181,59
181,73
181,96
181,101
181,153
181,199
181,218
181,83
181,104
181,163
181,193
181,12
181,19
181,74
181,80
181,121
181,145
181,200
181,50
181,133
181,148
181,24
181,42
181,225
181,37
181,220
181,11
181,36
181,68
181,28
182,191
182,55
182,107
182,18
182,31
182,56
182,95
182,162
182,169
182,187
182,59
182,73
182,96
182,101
182,114
182,153
182,199
182,218
182,26
182,52
182,83
182,104
182,127
182,163
182,188
182,193
182,204
182,12
182,19
182,74
182,80
182,119
182,121
182,145
182,200
182,62
182,133
182,157
182,24
182,225
182,37
182,220
182,11
182,147
182,70
182,68
182,137
182,28
183,131
183,219
183,64
183,27
183,142
183,191
183,194
183,55
183,56
183,59
183,73
183,101
183,199
183,218
183,83
183,104
183,193
183,12
183,19
183,74
183,145
183,200
183,24
183,37
183,11
183,28
184,64
184,118
184,142
184,191
184,34
184,51
184,78
184,81
184,89
184,90
184,117
184,126
184,150
184,181
184,206
184,55
184,229
184,31
184,56
184,95
184,59
184,73
184,96
184,101
184,114
184,153
184,199
184,218
184,83
184,104
184,163
184,193
184,12
184,19
184,74
184,80
184,145
184,200
184,24
184,42
184,37
184,220
184,11
184,28
185,64
185,118
185,191
185,44
185,106
185,30
185,35
185,98
185,124
185,161
185,203
185,205
185,226
185,16
185,23
185,97
185,125
185,194
185,55
185,211
185,31
185,56
185,95
185,170
185,59
185,73
185,96
185,101
185,114
185,153
185,199
185,218
185,83
185,104
185,127
185,163
185,193
185,12
185,19
185,74
185,80
185,145
185,200
185,50
185,133
185,157
185,8
185,24
185,42
185,225
185,37
185,220
185,11
185,147
185,158
185,68
185,28
186,145
186,7
186,10
186,25
186,176
186,24
186,46
186,54
187,64
187,191
187,136
187,55
187,107
187,211
187,18
187,31
187,56
187,95
187,162
187,170
187,59
187,73
187,96
187,101
187,114
187,120
187,153
187,199
187,218
187,26
187,52
187,83
187,104
187,127
187,163
187,182
187,188
187,193
187,204
187,12
187,19
187,74
187,80
187,119
187,121
187,145
187,200
187,50
187,133
187,157
187,24
187,42
187,63
187,225
187,37
187,11
187,68
187,137
187,28
188,39
188,55
188,211
188,31
188,56
188,95
188,162
188,170
188,187
188,59
188,73
188,96
188,101
188,114
188,153
188,199
188,218
188,26
188,52
188,83
188,104
188,127
188,163
188,182
188,193
188,204
188,12
188,19
188,74
188,80
188,119
188,121
188,145
188,200
188,133
188,8
188,24
188,42
188,46
188,160
188,225
188,37
188,220
188,11
188,68
188,137
188,28
189,56
189,59
189,73
189,96
189,101
189,218
189,83
189,104
189,12
189,74
189,24
189,42
189,37
189,11
189,72
189,158
189,224
189,143
189,177
190,60
190,67
190,69
190,109
190,123
190,183
190,215
190,219
190,2
190,64
190,118
190,196
190,142
190,191
190,198
190,124
190,203
190,15
190,55
190,100
190,107
190,111
190,165
190,201
190,211
190,217
190,229
190,31
190,56
190,95
190,170
190,59
190,73
190,96
190,101
190,114
190,153
190,199
190,218
190,83
190,104
190,127
190,193
190,12
190,19
190,74
190,80
190,145
190,200
190,50
190,148
190,8
190,24
190,42
190,37
190,220
190,11
190,147
190,68
191,67
191,109
191,123
191,131
191,140
191,183
191,219
191,230
191,231
191,5
191,39
191,77
191,64
191,118
191,27
191,116
191,142
191,198
191,172
191,184
191,166
191,161
191,194
191,55
191,103
191,107
191,211
191,31
191,56
191,95
191,162
191,170
191,187
191,59
191,70
191,73
191,96
191,101
191,102
191,114
191,153
191,199
191,218
191,52
191,83
191,104
191,127
191,163
191,182
191,188
191,193
191,12
191,19
191,74
191,80
191,119
191,121
191,145
191,200
191,7
191,14
191,38
191,62
191,174
191,50
191,133
191,157
191,8
191,24
191,42
191,46
191,63
191,160
191,225
191,22
191,37
191,220
191,11
191,147
191,68
191,28
192,67
192,69
192,109
192,39
192,58
192,118
192,196
192,15
192,100
192,107
192,111
192,115
192,165
192,217
192,114
192,153
192,11
193,131
193,183
193,215
193,66
193,64
193,118
193,139
193,142
193,191
193,34
193,89
193,117
193,130
193,44
193,106
193,161
193,194
193,55
193,103
193,107
193,211
193,18
193,31
193,56
193,95
193,162
193,169
193,170
193,187
193,59
193,73
193,96
193,101
193,114
193,120
193,153
193,199
193,218
193,4
193,52
193,82
193,83
193,104
193,127
193,163
193,182
193,188
193,12
193,19
193,74
193,80
193,119
193,121
193,145
193,200
193,7
193,14
193,25
193,38
193,53
193,62
193,92
193,164
193,50
193,65
193,88
193,94
193,133
193,148
193,157
193,8
193,24
193,28
193,42
193,46
193,63
193,159
193,160
193,222
193,225
193,22
193,37
193,220
193,11
193,146
193,76
193,68
193,54
194,131
194,183
194,64
194,118
194,27
194,191
194,81
194,43
194,44
194,57
194,106
194,166
194,30
194,35
194,124
194,161
194,185
194,203
194,226
194,23
194,97
194,125
194,144
194,155
194,15
194,55
194,107
194,111
194,115
194,154
194,165
194,180
194,211
194,217
194,31
194,56
194,95
194,162
194,170
194,59
194,73
194,96
194,101
194,114
194,153
194,199
194,218
194,83
194,104
194,127
194,163
194,193
194,12
194,19
194,74
194,80
194,145
194,200
194,14
194,50
194,8
194,24
194,42
194,37
194,220
194,11
194,147
194,158
194,143
194,68
194,28
195,2
195,64
195,118
195,210
195,191
195,130
195,203
195,15
195,55
195,100
195,107
195,111
195,115
195,165
195,201
195,211
195,217
195,229
195,31
195,56
195,95
195,169
195,170
195,187
195,216
195,59
195,73
195,101
195,114
195,153
195,199
195,52
195,83
195,104
195,127
195,182
195,12
195,19
195,74
195,200
195,62
195,65
195,88
195,94
195,133
195,157
195,24
195,42
195,63
195,225
195,37
195,220
195,11
195,68
196,67
196,69
196,109
196,192
196,215
196,39
196,40
196,58
196,2
196,64
196,118
196,142
196,191
196,81
196,149
196,161
196,203
196,15
196,55
196,100
196,107
196,111
196,115
196,154
196,165
196,180
196,201
196,211
196,217
196,229
196,31
196,56
196,95
196,162
196,170
196,59
196,73
196,101
196,114
196,153
196,199
196,218
196,52
196,83
196,104
196,127
196,188
196,193
196,12
196,19
196,74
196,145
196,200
196,50
196,8
196,24
196,42
196,37
196,220
196,11
196,68
196,28
197,161
197,55
197,31
197,56
197,59
197,73
197,96
197,101
197,153
197,199
197,218
197,83
197,104
197,193
197,12
197,19
197,74
197,145
197,200
197,7
197,10
197,17
197,25
197,61
197,62
197,86
197,174
197,186
197,50
197,8
197,24
197,28
197,42
197,75
197,91
197,225
197,37
197,220
197,11
197,68
197,54
198,219
198,27
198,116
198,142
198,191
198,211
198,31
198,56
198,59
198,73
198,101
198,199
198,218
198,83
198,104
198,163
198,12
198,74
198,145
198,200
198,14
198,50
198,42
198,37
198,11
199,39
199,64
199,118
199,27
199,142
199,191
199,117
199,106
199,161
199,203
199,23
199,125
199,194
199,55
199,103
199,107
199,211
199,18
199,31
199,56
199,95
199,162
199,169
199,170
199,187
199,59
199,68
199,70
199,73
199,96
199,101
199,114
199,120
199,153
199,218
199,4
199,52
199,83
199,104
199,127
199,163
199,182
199,188
199,193
199,12
199,19
199,74
199,80
199,119
199,121
199,145
199,200
199,14
199,62
199,50
199,65
199,88
199,94
199,133
199,148
199,157
199,8
199,24
199,28
199,42
199,46
199,63
199,160
199,225
199,37
199,84
199,220
199,11
199,147
199,137
200,131
200,39
200,64
200,118
200,142
200,191
200,34
200,81
200,117
200,202
200,44
200,106
200,136
200,161
200,203
200,23
200,125
200,194
200,55
200,103
200,107
200,211
200,18
200,31
200,56
200,95
200,162
200,169
200,170
200,187
200,59
200,73
200,96
200,101
200,114
200,120
200,153
200,199
200,218
200,4
200,52
200,83
200,104
200,127
200,163
200,182
200,188
200,193
200,12
200,19
200,74
200,80
200,119
200,121
200,145
200,14
200,38
200,62
200,86
200,92
200,50
200,65
200,88
200,94
200,133
200,148
200,157
200,8
200,24
200,28
200,42
200,46
200,63
200,160
200,225
200,22
200,37
200,220
200,11
200,147
200,76
200,68
200,137
201,77
201,2
201,64
201,118
201,139
201,210
201,191
201,81
201,89
201,130
201,98
201,161
201,194
201,9
201,15
201,55
201,100
201,103
201,107
201,111
201,115
201,165
201,180
201,195
201,211
201,217
201,229
201,18
201,31
201,56
201,95
201,162
201,169
201,170
201,187
201,216
201,59
201,73
201,96
201,101
201,114
201,153
201,199
201,218
201,52
201,83
201,104
201,127
201,163
201,182
201,188
201,193
201,12
201,19
201,74
201,80
201,145
201,200
201,7
201,61
201,62
201,86
201,129
201,174
201,50
201,88
201,133
201,157
201,8
201,24
201,28
201,42
201,46
201,63
201,225
201,37
201,220
201,11
201,68
202,64
202,118
202,108
202,112
202,223
202,0
202,13
202,55
202,79
202,103
202,211
202,18
202,31
202,56
202,95
202,162
202,170
202,216
202,59
202,68
202,73
202,96
202,101
202,114
202,120
202,153
202,199
202,218
202,83
202,104
202,193
202,12
202,19
202,74
202,80
202,145
202,200
202,24
202,42
202,37
202,220
202,11
202,28
203,183
203,64
203,118
203,142
203,191
203,43
203,44
203,45
203,57
203,106
203,166
203,30
203,35
203,98
203,113
203,124
203,161
203,185
203,205
203,226
203,16
203,23
203,125
203,194
203,15
203,55
203,107
203,111
203,165
203,211
203,217
203,31
203,56
203,95
203,162
203,170
203,187
203,59
203,70
203,73
203,96
203,101
203,114
203,153
203,199
203,218
203,83
203,104
203,127
203,163
203,188
203,193
203,12
203,19
203,74
203,80
203,119
203,121
203,145
203,200
203,38
203,164
203,50
203,133
203,157
203,8
203,24
203,42
203,160
203,225
203,37
203,84
203,220
203,11
203,147
203,68
203,28
204,64
204,191
204,136
204,55
204,107
204,211
204,31
204,56
204,95
204,162
204,170
204,187
204,59
204,73
204,96
204,101
204,153
204,199
204,218
204,1
204,26
204,52
204,83
204,104
204,127
204,163
204,182
204,188
204,193
204,12
204,19
204,74
204,80
204,119
204,121
204,145
204,200
204,62
204,50
204,8
204,24
204,42
204,63
204,37
204,220
204,11
204,68
204,137
204,28
205,34
205,98
205,161
205,56
205,101
205,218
205,83
205,104
205,163
205,74
205,37
205,11
205,28
206,39
206,48
206,77
206,21
206,32
206,51
206,81
206,89
206,117
206,126
206,130
206,149
206,150
206,181
206,184
206,203
206,56
206,95
206,59
206,73
206,96
206,101
206,114
206,153
206,199
206,218
206,83
206,104
206,163
206,193
206,12
206,19
206,74
206,80
206,145
206,200
206,24
206,42
206,37
206,11
206,28
207,31
207,83
207,11
207,147
207,3
207,177
208,31
208,56
208,59
208,73
208,96
208,101
208,199
208,218
208,104
208,12
208,74
208,24
208,42
208,37
208,220
208,11
208,147
208,72
208,158
208,224
208,134
208,3
208,151
208,177
208,68
209,191
209,55
209,56
209,95
209,59
209,73
209,96
209,101
209,114
209,153
209,199
209,218
209,83
209,104
209,127
209,193
209,12
209,74
209,80
209,145
209,200
209,7
209,14
209,17
209,25
209,29
209,38
209,61
209,62
209,85
209,105
209,138
209,164
209,173
209,174
209,176
209,186
209,221
209,50
209,133
209,157
209,8
209,24
209,42
209,46
209,63
209,91
209,225
209,22
209,37
209,220
209,11
209,68
209,54
209,28
210,77
210,64
210,118
210,139
210,191
210,130
210,161
210,15
210,55
210,100
210,103
210,107
210,111
210,165
210,195
210,211
210,217
210,31
210,56
210,95
210,162
210,169
210,170
210,187
210,59
210,70
210,73
210,96
210,101
210,114
210,153
210,199
210,218
210,83
210,104
210,127
210,163
210,182
210,188
210,193
210,12
210,19
210,74
210,80
210,119
210,121
210,145
210,200
210,50
210,8
210,24
210,42
210,225
210,37
210,220
210,11
210,146
210,68
210,28
211,39
211,64
211,118
211,142
211,191
211,108
211,112
211,202
211,136
211,161
211,203
211,97
211,99
211,194
211,9
211,13
211,15
211,55
211,79
211,100
211,103
211,107
211,111
211,115
211,165
211,217
211,18
211,31
211,56
211,95
211,162
211,167
211,169
211,170
211,187
211,216
211,59
211,73
211,96
211,101
211,114
211,120
211,153
211,199
211,218
211,1
211,52
211,83
211,104
211,127
211,163
211,182
211,188
211,193
211,204
211,12
211,19
211,74
211,80
211,119
211,121
211,145
211,200
211,10
211,62
211,164
211,50
211,88
211,133
211,157
211,8
211,24
211,28
211,42
211,46
211,160
211,225
211,22
211,37
211,220
211,11
211,68
211,137
212,64
212,118
212,108
212,112
212,202
212,223
212,99
212,9
212,13
212,55
212,79
212,103
212,211
212,18
212,31
212,56
212,162
212,170
212,216
212,59
212,68
212,73
212,96
212,101
212,114
212,120
212,153
212,199
212,218
212,83
212,104
212,182
212,193
212,12
212,19
212,74
212,80
212,200
212,24
212,42
212,37
212,220
212,11
212,28
213,31
213,101
213,218
213,74
213,7
213,14
213,62
213,42
213,22
213,37
214,31
214,56
214,170
214,73
214,83
214,104
214,193
214,12
214,74
214,8
214,37
214,11
214,147
214,72
214,110
214,143
214,151
214,177
214,207
215,33
215,67
215,69
215,109
215,171
215,183
215,192
215,219
215,230
215,58
215,64
215,196
215,27
215,116
215,142
215,191
215,198
215,203
215,97
215,55
215,31
215,56
215,95
215,162
215,170
215,59
215,73
215,96
215,101
215,114
215,153
215,199
215,218
215,83
215,104
215,163
215,193
215,12
215,19
215,74
215,80
215,145
215,200
215,14
215,50
215,8
215,24
215,42
215,37
215,220
215,11
215,68
215,28
216,64
216,118
216,142
216,191
216,34
216,89
216,108
216,112
216,202
216,212
216,223
216,9
216,13
216,55
216,79
216,103
216,107
216,115
216,211
216,18
216,31
216,56
216,95
216,162
216,167
216,169
216,170
216,187
216,59
216,68
216,73
216,96
216,101
216,114
216,120
216,153
216,199
216,218
216,52
216,83
216,104
216,127
216,163
216,178
216,182
216,188
216,193
216,204
216,12
216,19
216,74
216,80
216,119
216,121
216,145
216,200
216,14
216,53
216,62
216,50
216,133
216,148
216,157
216,8
216,24
216,42
216,46
216,63
216,160
216,225
216,37
216,220
216,11
216,147
216,137
216,28
217,64
217,118
217,191
217,130
217,161
217,97
217,194
217,15
217,55
217,100
217,107
217,111
217,154
217,165
217,195
217,211
217,18
217,31
217,56
217,95
217,162
217,170
217,187
217,59
217,73
217,96
217,101
217,114
217,120
217,153
217,199
217,218
217,83
217,104
217,127
217,182
217,193
217,12
217,74
217,145
217,200
217,24
217,42
217,46
217,37
217,220
217,11
217,68
217,28
218,67
218,123
218,131
218,183
218,215
218,219
218,230
218,231
218,2
218,64
218,118
218,139
218,27
218,142
218,191
218,34
218,81
218,117
218,172
218,184
218,202
218,43
218,44
218,57
218,106
218,136
218,166
218,30
218,35
218,98
218,124
218,161
218,203
218,226
218,16
218,23
218,97
218,125
218,194
218,15
218,55
218,103
218,107
218,111
218,115
218,154
218,165
218,211
218,217
218,18
218,31
218,56
218,95
218,162
218,169
218,170
218,187
218,41
218,59
218,68
218,70
218,73
218,96
218,101
218,102
218,114
218,120
218,153
218,199
218,4
218,52
218,82
218,83
218,104
218,127
218,163
218,182
218,188
218,193
218,12
218,19
218,74
218,80
218,119
218,121
218,145
218,200
218,6
218,7
218,14
218,17
218,25
218,29
218,38
218,53
218,61
218,62
218,86
218,105
218,129
218,138
218,164
218,174
218,176
218,186
218,209
218,213
218,20
218,50
218,65
218,88
218,94
218,133
218,148
218,157
218,8
218,24
218,28
218,42
218,46
218,63
218,71
218,91
218,159
218,160
218,222
218,225
218,22
218,37
218,84
218,220
218,11
218,147
218,72
218,158
218,189
218,224
218,110
218,49
218,76
218,177
218,36
218,137
218,54
219,33
219,47
219,67
219,109
219,123
219,140
219,171
219,215
219,230
219,64
219,118
219,27
219,116
219,142
219,191
219,81
219,55
219,211
219,31
219,56
219,95
219,162
219,170
219,59
219,73
219,96
219,101
219,114
219,153
219,199
219,218
219,83
219,104
219,163
219,193
219,12
219,19
219,74
219,80
219,145
219,200
219,38
219,50
219,8
219,24
219,42
219,37
219,220
219,11
219,158
219,68
219,28
220,131
220,215
220,219
220,230
220,39
220,48
220,77
220,2
220,64
220,118
220,139
220,210
220,27
220,116
220,142
220,191
220,198
220,34
220,81
220,89
220,90
220,117
220,126
220,130
220,181
220,184
220,206
220,202
220,43
220,44
220,57
220,106
220,136
220,166
220,30
220,35
220,98
220,161
220,185
220,203
220,205
220,226
220,16
220,23
220,97
220,125
220,194
220,15
220,55
220,103
220,107
220,111
220,115
220,165
220,195
220,211
220,217
220,18
220,31
220,56
220,95
220,162
220,169
220,170
220,187
220,216
220,59
220,68
220,70
220,73
220,96
220,101
220,102
220,114
220,120
220,153
220,199
220,218
220,1
220,4
220,52
220,83
220,104
220,127
220,163
220,182
220,188
220,193
220,12
220,19
220,74
220,80
220,119
220,121
220,145
220,200
220,6
220,7
220,10
220,14
220,17
220,25
220,29
220,38
220,53
220,61
220,62
220,86
220,92
220,105
220,138
220,164
220,174
220,176
220,186
220,209
220,213
220,221
220,20
220,50
220,65
220,88
220,94
220,133
220,148
220,157
220,8
220,24
220,28
220,42
220,46
220,63
220,71
220,91
220,159
220,160
220,222
220,225
220,22
220,37
220,84
220,175
220,11
220,147
220,158
220,189
220,87
220,110
220,128
220,134
220,152
220,156
220,3
220,49
220,76
220,151
220,177
220,214
220,36
220,137
220,54
221,34
221,202
221,218
221,83
221,74
221,6
221,7
221,25
221,62
221,85
221,164
221,173
221,174
221,186
221,50
221,42
221,37
221,54
222,191
222,136
222,55
222,103
222,211
222,18
222,31
222,56
222,95
222,162
222,170
222,59
222,73
222,96
222,101
222,114
222,120
222,153
222,199
222,218
222,4
222,83
222,104
222,163
222,193
222,12
222,19
222,74
222,80
222,145
222,200
222,14
222,62
222,92
222,50
222,65
222,88
222,94
222,133
222,148
222,157
222,8
222,24
222,28
222,42
222,46
222,63
222,159
222,160
222,225
222,37
222,220
222,11
222,68
223,64
223,118
223,108
223,112
223,202
223,212
223,166
223,0
223,9
223,13
223,55
223,79
223,103
223,211
223,18
223,31
223,56
223,95
223,162
223,167
223,170
223,187
223,216
223,59
223,68
223,73
223,96
223,101
223,114
223,120
223,153
223,199
223,218
223,83
223,104
223,127
223,163
223,182
223,188
223,193
223,12
223,19
223,74
223,80
223,145
223,200
223,50
223,24
223,42
223,37
223,220
223,11
223,28
224,31
224,56
224,59
224,73
224,101
224,218
224,83
224,104
224,12
224,74
224,8
224,24
224,42
224,46
224,37
224,11
224,72
224,146
224,158
224,189
224,76
224,177
224,227
225,64
225,191
225,55
225,103
225,107
225,211
225,31
225,56
225,95
225,162
225,169
225,170
225,59
225,73
225,96
225,101
225,114
225,153
225,199
225,218
225,52
225,83
225,104
225,163
225,182
225,188
225,193
225,12
225,19
225,74
225,80
225,121
225,145
225,200
225,7
225,10
225,14
225,25
225,38
225,53
225,61
225,62
225,85
225,92
225,164
225,174
225,186
225,209
225,50
225,65
225,88
225,94
225,133
225,148
225,157
225,8
225,24
225,28
225,42
225,46
225,63
225,91
225,160
225,222
225,37
225,220
225,11
225,68
225,54
226,191
226,112
226,43
226,44
226,57
226,106
226,136
226,166
226,35
226,113
226,124
226,161
226,203
226,205
226,16
226,97
226,55
226,211
226,229
226,18
226,31
226,56
226,95
226,162
226,169
226,170
226,187
226,216
226,59
226,73
226,96
226,101
226,114
226,120
226,153
226,199
226,218
226,83
226,104
226,163
226,193
226,12
226,19
226,74
226,80
226,121
226,145
226,200
226,164
226,50
226,133
226,157
226,8
226,24
226,42
226,63
226,225
226,37
226,220
226,11
226,147
226,146
226,87
226,3
226,68
226,28
227,31
227,83
227,62
227,42
227,37
227,146
227,76
228,2
228,31
228,56
228,170
228,101
228,153
228,83
228,74
228,42
229,60
229,69
229,2
229,64
229,118
229,191
229,203
229,15
229,55
229,100
229,103
229,107
229,111
229,115
229,165
229,180
229,195
229,211
229,217
229,18
229,31
229,56
229,95
229,162
229,170
229,187
229,59
229,73
229,96
229,101
229,114
229,153
229,199
229,218
229,83
229,104
229,193
229,12
229,19
229,74
229,80
229,145
229,200
229,148
229,24
229,37
229,220
229,11
229,68
230,67
230,123
230,140
230,219
230,231
230,5
230,64
230,27
230,116
230,142
230,191
230,202
230,97
230,55
230,31
230,56
230,95
230,162
230,170
230,59
230,73
230,96
230,101
230,153
230,199
230,218
230,52
230,83
230,104
230,182
230,193
230,12
230,19
230,74
230,80
230,145
230,200
230,38
230,8
230,24
230,42
230,37
230,220
230,11
230,147
230,68
231,67
231,123
231,140
231,219
231,230
231,64
231,27
231,116
231,142
231,191
231,203
231,55
231,31
231,56
231,95
231,162
231,170
231,59
231,73
231,96
231,101
231,114
231,153
231,199
231,218
231,83
231,104
231,127
231,163
231,182
231,193
231,12
231,19
231,74
231,145
231,200
231,14
231,38
231,174
231,50
231,8
231,24
231,42
231,225
231,37
231,220
231,11
231,147
231,68
231,28
