# prop_name, value
name,netscience
description,"A coauthorship network among scientists working on network science, from 2006. This network is a one-mode projection from the bipartite graph of authors and their scientific publications."
citation,"['M. E. J. Newman, \"Finding community structure in networks using the eigenvectors of matrices.\" Phys. Rev. E 74, 036104 (2006). arxiv:physics/0605087, http://www-personal.umich.edu/~mejn/netdata']"
url,http://www-personal.umich.edu/~mejn/netdata/
tags,"['Social', 'Collaboration', 'Weighted', 'Projection']"
directed,0.0
